question,answer
арматура ф 16 а 500 с 12,eydudW1fbWF0JzogJzk1Njc5JywgJ25hbWVfbWF0JzogJ9CQ0YDQvNCw0YLRg9GA0LAgMTYgMTIg0Jwg0JAgNTAwINChIDM0MDI4LTE2JywgJ3RydWVfZWknOiAn0KInLCAndHJ1ZV92YWx1ZSc6ICcxMi44NjQnfQ==
арматура ф 12 а 500 с 12,eydudW1fbWF0JzogJzk1Njg4JywgJ25hbWVfbWF0JzogJ9CQ0YDQvNCw0YLRg9GA0LAgOCAxMiDQnCDQkCA1MDAg0KEgMzQwMjgtMTYnLCAndHJ1ZV9laSc6ICfQoicsICd0cnVlX3ZhbHVlJzogJzUuMDg4J30=
арматура ф 6 а 240 с 12,eydudW1fbWF0JzogJzExMzI3NScsICduYW1lX21hdCc6ICfQkNGA0LzQsNGC0YPRgNCwIDEyIDYg0Jwg0JAgMjQwIDM0MDI4LTE2JywgJ3RydWVfZWknOiAn0KInLCAndHJ1ZV92YWx1ZSc6ICcwLjMwMCd9
проволока вязальная 1.2,eydudW1fbWF0JzogJzI5MzE3JywgJ25hbWVfbWF0JzogJ9Cf0YDQvtCy0L7Qu9C+0LrQsCDQvdC10YDQtiBEIDEuMicsICd0cnVlX2VpJzogJ9Ca0JMnLCAndHJ1ZV92YWx1ZSc6ICcyMzcuMDAwJ30=
уголок 50 50 5 ст 3,eydudW1fbWF0JzogJzg4OTcnLCAnbmFtZV9tYXQnOiAn0JvQtdC90YLQsCDQntCmIDAuOTUgOTInLCAndHJ1ZV9laSc6ICfQoicsICd0cnVlX3ZhbHVlJzogJzIuNTAwJ30=
швеллер 8 п ст 3,eydudW1fbWF0JzogJzg1Mjc3JywgJ25hbWVfbWF0JzogJ9Co0LLQtdC70LvQtdGAIDgg0J8gNiDQvCDRgdGCIDMnLCAndHJ1ZV9laSc6ICfQoicsICd0cnVlX3ZhbHVlJzogJzEuNTAwJ30=
швеллер 12 п 12,eydudW1fbWF0JzogJzU4MzEnLCAnbmFtZV9tYXQnOiAnINCf0LvQsNC90LrQsCDRgtC+0YDRhtC10LLQsNGPIDk1IDEyMCAxNSAwLjQgMiDQvCDQn9CtIFJBTCAzMDA1INC60YDQsNGB0L3QvtC1INCy0LjQvdC+INCaLTUwNicsICd0cnVlX2VpJzogJ9Co0KInLCAndHJ1ZV92YWx1ZSc6ICcxLjAwMCd9
швеллер 20 у ст 3 с 255 по 12,eydudW1fbWF0JzogJzU5NTknLCAnbmFtZV9tYXQnOiAnINCS0LXRgtGA0L7QstCw0Y8g0LTQvtGB0LrQsCDQtNC70Y8g0LzRj9Cz0LrQvtC5INC60YDQvtCy0LvQuCAxMDAgMjUgMTMwIDAuNCAyINC8INCf0K0gUkFMIDgwMTcg0YjQvtC60L7Qu9Cw0LQg0JotNTE0JywgJ3RydWVfZWknOiAn0KjQoicsICd0cnVlX3ZhbHVlJzogJzI4LjAwMCd9
круг 10 0.8 тонны,eydudW1fbWF0JzogJzE1NTQnLCAnbmFtZV9tYXQnOiAn0JrRgNGD0LMgMTAgMTAg0Lwg0YHRgiAzICcsICd0cnVlX2VpJzogJ9CiJywgJ3RydWVfdmFsdWUnOiAnMC44MDAnfQ==
круг 12 1.5 тонны,eydudW1fbWF0JzogJzE2MTUnLCAnbmFtZV9tYXQnOiAnINCa0L7QvdC10Log0L/Qu9C+0YHQutC40LkgMTUwIDE1MCAwLjM1IDIg0Lwg0J/QrSBSQUwgNzAyNCDRgdC10YDRi9C5INCz0YDQsNGE0LjRgiDQmi01MTInLCAndHJ1ZV9laSc6ICfQoicsICd0cnVlX3ZhbHVlJzogJzEuNTAwJ30=
круг 14 1.5 тонны,eydudW1fbWF0JzogJzE2NDMnLCAnbmFtZV9tYXQnOiAn0JrRgNGD0LMgMTQgMS4xINC8INGB0YIgMycsICd0cnVlX2VpJzogJ9CiJywgJ3RydWVfdmFsdWUnOiAnMS41MDAnfQ==
круг 18 1.7 тонны,eydudW1fbWF0JzogJzE3NDYnLCAnbmFtZV9tYXQnOiAnINCf0YDQvtGE0L3QsNGB0YLQuNC7INCe0KYg0KEgNDQgMC43IDEuMDQ3INC8IDMg0LwnLCAndHJ1ZV9laSc6ICfQoicsICd0cnVlX3ZhbHVlJzogJzEuNzAwJ30=
арматура 8 4 тонны,eydudW1fbWF0JzogJzM0JywgJ25hbWVfbWF0JzogJ9CQ0YDQvNCw0YLRg9GA0LAgMTAgNi40INC8INCQLUlJSSAzNSDQk9ChIDU3ODEtODInLCAndHJ1ZV9laSc6ICfQoicsICd0cnVlX3ZhbHVlJzogJzQuMDAwJ30=
арматура 6 1.5 тонны,eydudW1fbWF0JzogJzYnLCAnbmFtZV9tYXQnOiAn0JrQoNCj0JNf0J3QldCg0JYnLCAndHJ1ZV9laSc6ICfQoicsICd0cnVlX3ZhbHVlJzogJzEuNTAwJ30=
швеллер 10 кол во по 6,eydudW1fbWF0JzogJzU4MTgnLCAnbmFtZV9tYXQnOiAnINCf0LvQsNC90LrQsCDRgdC90LXQs9C+0LfQsNC00LXRgNC20LDRgtC10LvRjyA5NSA2NSAwLjQ1IDIg0Lwg0J/QrSDQsiDQv9C70LXQvdC60LUgUkFMIDUwMDUg0YHQuNCz0L3QsNC70YzQvdC+LdGB0LjQvdC40Lkg0JotNTAzJywgJ3RydWVfZWknOiAn0KjQoicsICd0cnVlX3ZhbHVlJzogJzE2LjAwMCd9
лист 3 гк,eydudW1fbWF0JzogJzE3MzU2JywgJ25hbWVfbWF0JzogJ9Cb0LXQvdGC0LAg0L/QvtC70LjQvNC10YAgMC42NSA0NyDQn9CtIFJBTCA5MDAzINGB0LjQs9C90LDQu9GM0L3Qvi3QsdC10LvRi9C5JywgJ3RydWVfZWknOiAnJywgJ3RydWVfdmFsdWUnOiAnMy4wMDAnfQ==
лист 4,eydudW1fbWF0JzogJzE3NjE4JywgJ25hbWVfbWF0JzogJ9Cb0LjRgdGCINCTL9CaIDQg0KQgMiDRgdGCIDMgMTQ2MzcnLCAndHJ1ZV9laSc6ICcnLCAndHJ1ZV92YWx1ZSc6ICcyLjAwMCd9
труба 50 50 2,eydudW1fbWF0JzogJzgxNzAnLCAnbmFtZV9tYXQnOiAn0JvQtdC90YLQsCDQntCmIDAuNjUgMTM3INC90LXQutC+0L3QtNC40YbQuNGPJywgJ3RydWVfZWknOiAnJywgJ3RydWVfdmFsdWUnOiAnMTMuMDAwJ30=
лист 0.7,eydudW1fbWF0JzogJzc3NjcwJywgJ25hbWVfbWF0JzogJ9Cb0LjRgdGCINClL9CaIDAuNyAxLjI1INC8IDIuNSDQvCAwOCDQotCjJywgJ3RydWVfZWknOiAn0KjQoicsICd0cnVlX3ZhbHVlJzogJzYuMDAwJ30=
уголок 40 40 3 12 по 6,eydudW1fbWF0JzogJzc4NDIwJywgJ25hbWVfbWF0JzogJ9Cj0LPQvtC70L7QuiA0MCA0MCAzIDEyINC8INGB0YIgMycsICd0cnVlX2VpJzogJ9CcJywgJ3RydWVfdmFsdWUnOiAnNi4wMDAnfQ==
труба проф 40 60 3 24 пог,eydudW1fbWF0JzogJzg4NzEzJywgJ25hbWVfbWF0JzogJ9Ci0YDRg9Cx0LAg0L/RgNC+0YQgNjAgNDAgMyDQotCjIDAwNC3QkCcsICd0cnVlX2VpJzogJycsICd0cnVlX3ZhbHVlJzogJzI0LjAwMCd9
балка 18 б 2,eydudW1fbWF0JzogJzg2MDc1JywgJ25hbWVfbWF0JzogJ9CR0LDQu9C60LAgMTgg0JEgMiAxMiDQvCDRgdGCIDMg0L/RgSA1L9GB0L8gNScsICd0cnVlX2VpJzogJ9CiJywgJ3RydWVfdmFsdWUnOiAnMy4zOTAnfQ==
сталь арматурная 16 а 500 с требуется к 20.02.2024 id позиции 7741446,eydudW1fbWF0JzogJzk1NjY2JywgJ25hbWVfbWF0JzogJ9CQ0YDQvNCw0YLRg9GA0LAgMTYgMTEuNyDQvCDQkCA1MDAg0KEgMzQwMjgtMTYnLCAndHJ1ZV9laSc6ICfQoicsICd0cnVlX3ZhbHVlJzogJzIwLjAwMCd9
уголок стальной 50 50 6 стенку можно больше 6,eydudW1fbWF0JzogJzY5MzQyJywgJ25hbWVfbWF0JzogJ9Cj0LPQvtC70L7QuiDQs9C90YPRgtGL0LkgNTAgNTAgNiDRgdGCIDMg0L/RgSA1L9GB0L8gNScsICd0cnVlX2VpJzogJ9CcJywgJ3RydWVfdmFsdWUnOiAnNi4wMDAnfQ==
труба проф 40 20,eydudW1fbWF0JzogJzgxMjAnLCAnbmFtZV9tYXQnOiAn0JHQsNC70LrQsCDQndCb0JMgMjUg0KggMSAxMiDQvCAwOSDQsyAyINGBLTE1JywgJ3RydWVfZWknOiAn0KInLCAndHJ1ZV92YWx1ZSc6ICczLjAwMCd9
проволока вязальная,eydudW1fbWF0JzogJzk0OTk4JywgJ25hbWVfbWF0JzogJ9Cf0YDQvtCy0L7Qu9C+0LrQsCDQsNC70Y7QvCAyLjAnLCAndHJ1ZV9laSc6ICfQmtCTJywgJ3RydWVfdmFsdWUnOiAnNS4wMDAnfQ==
арматура аiii 12 по 11.7,eydudW1fbWF0JzogJzE3NicsICduYW1lX21hdCc6ICfQmtCg0KPQk1/QndCV0KDQlicsICd0cnVlX2VpJzogJ9Co0KInLCAndHJ1ZV92YWx1ZSc6ICc2OC4wMDAnfQ==
швеллер 12 п 12,eydudW1fbWF0JzogJzU4MzEnLCAnbmFtZV9tYXQnOiAnINCf0LvQsNC90LrQsCDRgtC+0YDRhtC10LLQsNGPIDk1IDEyMCAxNSAwLjQgMiDQvCDQn9CtIFJBTCAzMDA1INC60YDQsNGB0L3QvtC1INCy0LjQvdC+INCaLTUwNicsICd0cnVlX2VpJzogJ9Co0KInLCAndHJ1ZV92YWx1ZSc6ICcxLjAwMCd9
уголок 35 35 4 ст 3 16,eydudW1fbWF0JzogJzg3ODgnLCAnbmFtZV9tYXQnOiAn0JvQuNGB0YIg0J3Qm9CTIDE0IDEuNSDQnCA2LjIg0Jwg0KHQoCAwOSDQkyAyINChIDE5MjgxJywgJ3RydWVfZWknOiAn0JwnLCAndHJ1ZV92YWx1ZSc6ICcxNi4wMDAnfQ==
уголок 50 50 5 ст 3 120 если 12 ые то резать попола,eydudW1fbWF0JzogJzg4ODEnLCAnbmFtZV9tYXQnOiAn0JrRgNGD0LMgMTQwINCd0JXQnNCV0KAgOSDQpdChJywgJ3RydWVfZWknOiAn0KjQoicsICd0cnVlX3ZhbHVlJzogJzEuMDAwJ30=
лист 3 ст 3 18 2 1.5 6.0 2,eydudW1fbWF0JzogJzc4ODAzJywgJ25hbWVfbWF0JzogJ9Cb0LjRgdGCINCTL9CaIDMgMSDQnCAyINCcINCh0KAgNjAg0KEgMiDQkCDQotCjJywgJ3RydWVfZWknOiAn0KjQoicsICd0cnVlX3ZhbHVlJzogJzEuMDAwJ30=
сетка 20 2.0 5336,eydudW1fbWF0JzogJzExMDUzJywgJ25hbWVfbWF0JzogJ9Cb0LXQvdGC0LAg0J7QpiAyLjAgMzY2JywgJ3RydWVfZWknOiAn0JrQkycsICd0cnVlX3ZhbHVlJzogJzM2LjAwMCd9
профиль 45 б 1 84 .,eydudW1fbWF0JzogJzEwMDUwMicsICduYW1lX21hdCc6ICfQn9GA0L7RhNC40LvRjCA1MCA0MCAyNSAxLjAgMi41INCcJywgJ3RydWVfZWknOiAn0JrQkycsICd0cnVlX3ZhbHVlJzogJzEwLjAwMCd9
профиль 25 к 2 108 .,eydudW1fbWF0JzogJzEwMDUwMicsICduYW1lX21hdCc6ICfQn9GA0L7RhNC40LvRjCA1MCA0MCAyNSAxLjAgMi41INCcJywgJ3RydWVfZWknOiAn0JrQkycsICd0cnVlX3ZhbHVlJzogJzkuMDAwJ30=
профиль 30 ш 1 12 .,eydudW1fbWF0JzogJzYwMzgyJywgJ25hbWVfbWF0JzogJ9Cf0YDQvtGE0LjQu9GMINGE0LDRgdCw0LTQvdGL0Lkg0JDQoCA2IDEyIDEyIDIwIDAuOCAzINCcJywgJ3RydWVfZWknOiAn0KjQoicsICd0cnVlX3ZhbHVlJzogJzEuMDAwJ30=
профиль 25 ш 1 72 .,eydudW1fbWF0JzogJzEwMDUwMicsICduYW1lX21hdCc6ICfQn9GA0L7RhNC40LvRjCA1MCA0MCAyNSAxLjAgMi41INCcJywgJ3RydWVfZWknOiAn0JrQkycsICd0cnVlX3ZhbHVlJzogJzYuMDAwJ30=
профиль 20 б 1 180 .,eydudW1fbWF0JzogJzkzNTE4JywgJ25hbWVfbWF0JzogJ9ChLdC/0YDQvtGE0LjQu9GMIDIwMCA2MCAxNSAzIDEyINCcJywgJ3RydWVfZWknOiAn0JrQkycsICd0cnVlX3ZhbHVlJzogJzE1LjAwMCd9
труба 160 160 4 .,eydudW1fbWF0JzogJzk5NDg1JywgJ25hbWVfbWF0JzogJ9Ci0YDRg9Cx0LAg0L/RgNC+0YQg0J7QpiAxNjAgMTYwIDQg0J7QpiDQotCjJywgJ3RydWVfZWknOiAn0JwnLCAndHJ1ZV92YWx1ZSc6ICcxLjAwMCd9
труба 100 100 4 .,eydudW1fbWF0JzogJzkwMDM1JywgJ25hbWVfbWF0JzogJ9Ci0YDRg9Cx0LAg0L/RgNC+0YTQuNC70YzQvdCw0Y8gMTAwIDEwMCA0INCi0KMnLCAndHJ1ZV9laSc6ICfQnCcsICd0cnVlX3ZhbHVlJzogJzcyLjAwMCd9
труба 80 80 4 .,eydudW1fbWF0JzogJzEwMDA0OScsICduYW1lX21hdCc6ICfQotGA0YPQsdCwINCe0KYgODAgNCDQk9Ce0KHQoicsICd0cnVlX2VpJzogJ9Ca0JMnLCAndHJ1ZV92YWx1ZSc6ICcyLjAwMCd9
уголок 80 80 6 .,eydudW1fbWF0JzogJzY5MzkzJywgJ25hbWVfbWF0JzogJ9Cj0LPQvtC70L7QuiDQs9C90YPRgtGL0LkgODAgODAgNiDQodCiIDMg0J/QoSA1L9Ch0J8gNScsICd0cnVlX2VpJzogJ9Ca0JMnLCAndHJ1ZV92YWx1ZSc6ICc1LjAwMCd9
уголок 75 50 5 .,eydudW1fbWF0JzogJzY5NDM0JywgJ25hbWVfbWF0JzogJ9Cj0LPQvtC70L7QuiDQs9C90YPRgtGL0Lkg0L3Qu9CzIDc1IDUwIDUgMDkg0JMgMiDQoScsICd0cnVlX2VpJzogJ9Ca0JMnLCAndHJ1ZV92YWx1ZSc6ICc1LjAwMCd9
уголок 160 100 10 .,eydudW1fbWF0JzogJzg1OTYnLCAnbmFtZV9tYXQnOiAn0JDRgNC80LDRgtGD0YDQsCAxNCAyLjkyINCcINCQIDUwMCBDIDUyNTQ0LTA2JywgJ3RydWVfZWknOiAn0KjQoicsICd0cnVlX3ZhbHVlJzogJzEuMDAwJ30=
квадрат 50 50 69,eydudW1fbWF0JzogJzExMTA1NCcsICduYW1lX21hdCc6ICfQmtCy0LDQtNGA0LDRgiA1MCA0MCDQpSAyNTkxJywgJ3RydWVfZWknOiAn0JwnLCAndHJ1ZV92YWx1ZSc6ICc2OS4wMDAnfQ==
лист 2 ст 3,eydudW1fbWF0JzogJzcyNTQnLCAnbmFtZV9tYXQnOiAn0JvQtdC90YLQsCDQntCmIDEuMiA2MjEnLCAndHJ1ZV9laSc6ICfQnCcsICd0cnVlX3ZhbHVlJzogJzguMzAwJ30=
лист 3 ст 3,eydudW1fbWF0JzogJzE4MzYwJywgJ25hbWVfbWF0JzogJ9Cb0LjRgdGCINCTL9CaIDY1INCkIDIg0KHQoiAzNSDQotCjJywgJ3RydWVfZWknOiAn0JwyJywgJ3RydWVfdmFsdWUnOiAnNS4wMDAnfQ==
лист 4 ст 3,eydudW1fbWF0JzogJzE4MzYwJywgJ25hbWVfbWF0JzogJ9Cb0LjRgdGCINCTL9CaIDY1INCkIDIg0KHQoiAzNSDQotCjJywgJ3RydWVfZWknOiAn0JrQkycsICd0cnVlX3ZhbHVlJzogJzIuMDAwJ30=
круг 24 ст 35 1 3,eydudW1fbWF0JzogJzE4ODAnLCAnbmFtZV9tYXQnOiAn0JrRgNGD0LMgMjQgNC41INCcINCh0KIgMzUnLCAndHJ1ZV9laSc6ICfQqNCiJywgJ3RydWVfdmFsdWUnOiAnMS4wMDAnfQ==
круг 30 ст 35 1 3,eydudW1fbWF0JzogJzIwMjEnLCAnbmFtZV9tYXQnOiAn0JrRgNGD0LMgMzAgNSDQnCDQodCiIDM1JywgJ3RydWVfZWknOiAn0KjQoicsICd0cnVlX3ZhbHVlJzogJzEuMDAwJ30=
труба вгп 32 3.2 3,eydudW1fbWF0JzogJzcyNTQnLCAnbmFtZV9tYXQnOiAn0JvQtdC90YLQsCDQntCmIDEuMiA2MjEnLCAndHJ1ZV9laSc6ICfQmtCTJywgJ3RydWVfdmFsdWUnOiAnMS4wMDAnfQ==
уголок 50 4 ст 3 6,eydudW1fbWF0JzogJzExNzA0MScsICduYW1lX21hdCc6ICfQo9Cz0L7Qu9C+0LogNTAgNTAgNCA2INCcINChIDI1NSA4NTA5JywgJ3RydWVfZWknOiAn0KjQoicsICd0cnVlX3ZhbHVlJzogJzEuMDAwJ30=
уголок 70 8 ст 3 6,eydudW1fbWF0JzogJzg1NDI2JywgJ25hbWVfbWF0JzogJ9Cj0LPQvtC70L7QuiA3MCA3MCA4IDEyINCcINCh0KIgMyDQn9ChIDUv0KHQnyA1IDg1MDknLCAndHJ1ZV9laSc6ICfQqNCiJywgJ3RydWVfdmFsdWUnOiAnMS4wMDAnfQ==
труба проф 40 40 3 по 6,eydudW1fbWF0JzogJzgxNDYnLCAnbmFtZV9tYXQnOiAn0JvQtdC90YLQsCDQsNC70Y7QvNC40L3QuNC10LLQsNGPIDIuMCAxNjAnLCAndHJ1ZV9laSc6ICfQmtCTJywgJ3RydWVfdmFsdWUnOiAnMjAuMDAwJ30=
лист горячекатаный 4 1.5 6 ст 3 пс 5 сп 5,eydudW1fbWF0JzogJzE3NzQzJywgJ25hbWVfbWF0JzogJ9Cb0LjRgdGCINCTL9CaIDQgMS41INCcIDYg0Jwg0KHQoiAzINCf0KEgNS/QodCfIDUgMTQ2MzcnLCAndHJ1ZV9laSc6ICfQqNCiJywgJ3RydWVfdmFsdWUnOiAnMS4wMDAnfQ==
лист горячекатаный 6 2 6 ст 3 пс 5 сп 5 14637,eydudW1fbWF0JzogJzE4MzI1JywgJ25hbWVfbWF0JzogJ9Cb0LjRgdGCINCTL9CaIDYgMiDQnCA2INCcINCh0KIgMyDQn9ChIDUv0KHQnyA1IDE0NjM3JywgJ3RydWVfZWknOiAn0KjQoicsICd0cnVlX3ZhbHVlJzogJzEuMDAwJ30=
полоса 3 20 ст 3 пссп по 6,eydudW1fbWF0JzogJzgwODYwJywgJ25hbWVfbWF0JzogJ9Cf0L7Qu9C+0YHQsCAzIDIwINCh0KIgMyDQn9ChL9Ch0J8g0KLQoycsICd0cnVlX2VpJzogJ9CcJywgJ3RydWVfdmFsdWUnOiAnMTIuMDAwJ30=
уголок 63 5 ст 3 по 12 с резкой попола,eydudW1fbWF0JzogJzExNzA0MycsICduYW1lX21hdCc6ICfQo9Cz0L7Qu9C+0LogNjMgNjMgNSAxMiDQnCDQoSAyNTUgODUwOScsICd0cnVlX2VpJzogJ9Co0KInLCAndHJ1ZV92YWx1ZSc6ICcyLjAwMCd9
швеллер 20 п ст 255 245,eydudW1fbWF0JzogJzg2MTk0JywgJ25hbWVfbWF0JzogJ9Co0LLQtdC70LvQtdGAIDIwINCfIDEyINCcINChIDI1NSA4MjQwJywgJ3RydWVfZWknOiAn0KInLCAndHJ1ZV92YWx1ZSc6ICc1NC4wMDAnfQ==
сетка d 4 вр 1 100 100 2 3,eydudW1fbWF0JzogJzY2MTcxJywgJ25hbWVfbWF0JzogJ9Ch0LXRgtC60LAg0LDRgNC80LDRgtGD0YDQvdCw0Y8gKNC8IDIpIDQg0JLQoCAxIDEwMCAxMDAgMiDQnCAzINCcIDUwLzUnLCAndHJ1ZV9laSc6ICfQmtCTJywgJ3RydWVfdmFsdWUnOiAnNS4wMDAnfQ==
полоса 50 6 углерод,eydudW1fbWF0JzogJzUxOTgnLCAnbmFtZV9tYXQnOiAn0J/QodCfINCa0KDQntCS0JvQryDQn9Cg0J7Qp9CY0JUnLCAndHJ1ZV9laSc6ICcnLCAndHJ1ZV92YWx1ZSc6ICcxLjAwMCd9
профиль замкнутый сварной 120 120 5 легир,eydudW1fbWF0JzogJzgyNTQnLCAnbmFtZV9tYXQnOiAn0JrRgNGD0LMgNDggNiDQnCAwOSDQkyAyINChJywgJ3RydWVfZWknOiAnJywgJ3RydWVfdmFsdWUnOiAnMS4wMDAnfQ==
труба проф 80 5,eydudW1fbWF0JzogJzc3MDQwJywgJ25hbWVfbWF0JzogJ9Ci0YDRg9Cx0LAg0L/RgNC+0YTQuNC70YzQvdCw0Y8gODAgODAgNSDQk9Ce0KHQoicsICd0cnVlX2VpJzogJycsICd0cnVlX3ZhbHVlJzogJzEuMDAwJ30=
труба проф 100 5,eydudW1fbWF0JzogJzc5MDYnLCAnbmFtZV9tYXQnOiAn0JDRgNC80LDRgtGD0YDQsCDRgtC10YDQvCAxMiAxMC4yINCcINCQ0KIgODAwIDEwODg0LTk0JywgJ3RydWVfZWknOiAnJywgJ3RydWVfdmFsdWUnOiAnMS4wMDAnfQ==
труба проф 140 8,eydudW1fbWF0JzogJzc2OTcyJywgJ25hbWVfbWF0JzogJ9Ci0YDRg9Cx0LAg0L/RgNC+0YTQuNC70YzQvdCw0Y8gMTQwIDE0MCA4INCT0J7QodCiJywgJ3RydWVfZWknOiAnJywgJ3RydWVfdmFsdWUnOiAnMS4wMDAnfQ==
труба проф 180 140 8,eydudW1fbWF0JzogJzk3NTE3JywgJ25hbWVfbWF0JzogJ9Ci0YDRg9Cx0LAg0L/RgNC+0YTQuNC70YzQvdCw0Y8gMTgwIDE0MCA4INCT0J7QodCiJywgJ3RydWVfZWknOiAnJywgJ3RydWVfdmFsdWUnOiAnMS4wMDAnfQ==
швеллер 140 60 3,eydudW1fbWF0JzogJzYzODgnLCAnbmFtZV9tYXQnOiAn0JvQtdC90YLQsCDQntCmIDEuNDUgMjkxJywgJ3RydWVfZWknOiAnJywgJ3RydWVfdmFsdWUnOiAnMS4wMDAnfQ==
швеллер 180 100 6,eydudW1fbWF0JzogJzY0NTInLCAnbmFtZV9tYXQnOiAn0K3Qu9C10LrRgtGA0L7QtNGLIDMg0KLQnNCbLTEg0KMg0J7QodCd0J7QktCd0J7QmScsICd0cnVlX2VpJzogJycsICd0cnVlX3ZhbHVlJzogJzEuMDAwJ30=
балка 30 ш 1,eydudW1fbWF0JzogJzk0NCcsICduYW1lX21hdCc6ICfQkNGA0LzQsNGC0YPRgNCwIDIwINCf0J7QlCDQl9CQ0JogQdCSIDQwMCBDINCi0KMgMTQtMS01MjUnLCAndHJ1ZV9laSc6ICcnLCAndHJ1ZV92YWx1ZSc6ICcxLjAwMCd9
балка 40 ш 1,eydudW1fbWF0JzogJzEwNzQnLCAnbmFtZV9tYXQnOiAn0JHQsNC70LrQsCA0MCDQqCAxIDEyINCcINChIDI1NSA1NzgzNycsICd0cnVlX2VpJzogJycsICd0cnVlX3ZhbHVlJzogJzEuMDAwJ30=
труба вгп 25 ду 3.2 6 10,eydudW1fbWF0JzogJzcyNDUnLCAnbmFtZV9tYXQnOiAn0JrRgNGD0LMgMjEwIDMg0JwgNDAg0KUnLCAndHJ1ZV9laSc6ICcnLCAndHJ1ZV92YWx1ZSc6ICcxLjAwMCd9
труба 25 3.2 ст 2 2 пс,eydudW1fbWF0JzogJzcyNDUnLCAnbmFtZV9tYXQnOiAn0JrRgNGD0LMgMjEwIDMg0JwgNDAg0KUnLCAndHJ1ZV9laSc6ICcnLCAndHJ1ZV92YWx1ZSc6ICcxLjAwMCd9
труба 32 3.0 бш,eydudW1fbWF0JzogJzcyNTQnLCAnbmFtZV9tYXQnOiAn0JvQtdC90YLQsCDQntCmIDEuMiA2MjEnLCAndHJ1ZV9laSc6ICcnLCAndHJ1ZV92YWx1ZSc6ICcxLjAwMCd9
труба 100 100 5 с 10 144 п,eydudW1fbWF0JzogJzc5MDYnLCAnbmFtZV9tYXQnOiAn0JDRgNC80LDRgtGD0YDQsCDRgtC10YDQvCAxMiAxMC4yINCcINCQ0KIgODAwIDEwODg0LTk0JywgJ3RydWVfZWknOiAnJywgJ3RydWVfdmFsdWUnOiAnMS4wMDAnfQ==
труба 114 5 ст 20 8732 24,eydudW1fbWF0JzogJzY4ODAnLCAnbmFtZV9tYXQnOiAn0JrRgNGD0LMg0L3QtdGA0LbQsNCy0LXRjtGJ0LjQuSAxMiAzMDQnLCAndHJ1ZV9laSc6ICcnLCAndHJ1ZV92YWx1ZSc6ICcxLjAwMCd9
труба 50 25 3 216 п,eydudW1fbWF0JzogJzgxNTcnLCAnbmFtZV9tYXQnOiAn0JrRgNGD0LMg0L3QtdGA0LbQsNCy0LXRjtGJ0LjQuSAyNSAzMCDQpSAxMycsICd0cnVlX2VpJzogJycsICd0cnVlX3ZhbHVlJzogJzEuMDAwJ30=
труба 50 50 3 216 п,eydudW1fbWF0JzogJzgxNzInLCAnbmFtZV9tYXQnOiAn0JvQuNGB0YIg0JMv0JogNTAgMS41INCcIDYuMyDQnCDQodCgINCh0KIgMyDQn9ChIDUv0KHQnyA1IDE0NjM3JywgJ3RydWVfZWknOiAnJywgJ3RydWVfdmFsdWUnOiAnMS4wMDAnfQ==
труба п двубавр 25 ш 1 09 г 2 с 72 п,eydudW1fbWF0JzogJzg2MScsICduYW1lX21hdCc6ICfQkNGA0LzQsNGC0YPRgNCwIDEyIDYuMzcg0Jwg0JAgODAwIDM0MDI4LTE2JywgJ3RydWVfZWknOiAnJywgJ3RydWVfdmFsdWUnOiAnMS4wMDAnfQ==
труба 80 80 5 ст 10 60 п,eydudW1fbWF0JzogJzc3MDQwJywgJ25hbWVfbWF0JzogJ9Ci0YDRg9Cx0LAg0L/RgNC+0YTQuNC70YzQvdCw0Y8gODAgODAgNSDQk9Ce0KHQoicsICd0cnVlX2VpJzogJycsICd0cnVlX3ZhbHVlJzogJzEuMDAwJ30=
труба 80 80 6 ст 10 18,eydudW1fbWF0JzogJzc2OTcxJywgJ25hbWVfbWF0JzogJ9Ci0YDRg9Cx0LAg0L/RgNC+0YTQuNC70YzQvdCw0Y8gODAgODAgNiDQk9Ce0KHQoicsICd0cnVlX2VpJzogJycsICd0cnVlX3ZhbHVlJzogJzEuMDAwJ30=
круг 16 ст 09 г 2 с 6,eydudW1fbWF0JzogJzk2MTg3JywgJ25hbWVfbWF0JzogJ9Ca0YDRg9CzIDE2IDYg0JwgMDkg0JMgMiDQoScsICd0cnVlX2VpJzogJ9Co0KInLCAndHJ1ZV92YWx1ZSc6ICcxLjAwMCd9
круг 40 ст 09 г 2 с 6,eydudW1fbWF0JzogJzk3NDU5JywgJ25hbWVfbWF0JzogJ9Ca0YDRg9CzIDQwIDYg0JwgMDkg0JMgMiDQoScsICd0cnVlX2VpJzogJ9Co0KInLCAndHJ1ZV92YWx1ZSc6ICcxLjAwMCd9
круг 50 ст 09 г 2 с 6,eydudW1fbWF0JzogJzEwMjg0MScsICduYW1lX21hdCc6ICfQmtGA0YPQsyA1MCA2INCcIDA5INCTIDIg0KEnLCAndHJ1ZV9laSc6ICfQqNCiJywgJ3RydWVfdmFsdWUnOiAnMS4wMDAnfQ==
лист 8 1.5 3.0,eydudW1fbWF0JzogJzE4NDQyJywgJ25hbWVfbWF0JzogJ9Cb0LjRgdGCINCTL9CaIDggMS41INCcIDMg0Jwg0KHQoiAzINCf0KEgNS/QodCfIDUgMTQ2MzcnLCAndHJ1ZV9laSc6ICfQqNCiJywgJ3RydWVfdmFsdWUnOiAnMS4wMDAnfQ==
лист 16 1.5 3.0,eydudW1fbWF0JzogJzE2Nzk3JywgJ25hbWVfbWF0JzogJ9Cb0LXQvdGC0LAg0YUv0LogMS41IDI2MSAwOCDQn9ChL9Ch0J8nLCAndHJ1ZV9laSc6ICfQqNCiJywgJ3RydWVfdmFsdWUnOiAnNS4wMDAnfQ==
лист 6 1.5 3.0,eydudW1fbWF0JzogJzE4MjYwJywgJ25hbWVfbWF0JzogJ9Cb0LXQvdGC0LAg0L/QvtC70LjQvNC10YAgMC4zNSAyNzAg0J/QrSDQkiDQn9CbIFJBTCAzMDA1JywgJ3RydWVfZWknOiAn0KjQoicsICd0cnVlX3ZhbHVlJzogJzIuMDAwJ30=
уголок 40 40 18 п,eydudW1fbWF0JzogJzg4MDAnLCAnbmFtZV9tYXQnOiAn0JvQtdC90YLQsCDQsy/QuiA1Ljg1IDQ1NC44INCh0KIgMyDQn9ChIDUv0KHQnyA1JywgJ3RydWVfZWknOiAn0KjQoicsICd0cnVlX3ZhbHVlJzogJzIuMDAwJ30=
лист оцинкованнный 0.8,eydudW1fbWF0JzogJzIwMzE1JywgJ25hbWVfbWF0JzogJ9Cb0LjRgdGCINCe0KYgMC44IDEuMjUg0JwgMi41INCcIFpOIDE0MCDQndCQ0JfQnSAwMiAxNDkxOC0nLCAndHJ1ZV9laSc6ICfQqNCiJywgJ3RydWVfdmFsdWUnOiAnMTIuMDAwJ30=
планка у нас есть . но размер у нее другой . добавила 95 120 у нас ветровая такого размера в счете,eydudW1fbWF0JzogJzc0ODQ2JywgJ25hbWVfbWF0JzogJ9Cf0LvQsNC90LrQsCDQstC10YLRgNC+0LLQvtC5INC00L7RgdC60LggOTUgMTIwIDE1IDAuNSAzINCcINCh0KIg0J/QrSDQkiDQnycsICd0cnVlX2VpJzogJ9Co0KInLCAndHJ1ZV92YWx1ZSc6ICcxLjAwMCd9
сталь арматурная 8 а 500 с требуется к 06.03.2024 id позиции 7752285,eydudW1fbWF0JzogJzk1Njc1JywgJ25hbWVfbWF0JzogJ9CQ0YDQvNCw0YLRg9GA0LAgOCAxMS43INCcINCQIDUwMCDQoSAzNDAyOC0xNicsICd0cnVlX2VpJzogJ9CiJywgJ3RydWVfdmFsdWUnOiAnOS4wMDAnfQ==
сталь арматурная 12 а 500 с требуется к 06.03.2024 id позиции 7752286,eydudW1fbWF0JzogJzk1NjY0JywgJ25hbWVfbWF0JzogJ9CQ0YDQvNCw0YLRg9GA0LAgMTIgMTEuNyDQnCDQkCA1MDAg0KEgMzQwMjgtMTYnLCAndHJ1ZV9laSc6ICfQoicsICd0cnVlX3ZhbHVlJzogJzExLjAwMCd9
балка 45 б 1,eydudW1fbWF0JzogJzEwOTUnLCAnbmFtZV9tYXQnOiAn0JDRgNC80LDRgtGD0YDQsCDRgtC10YDQvCAxMiA2LjU1INCcINCQ0KIgODAwIDEwODg0LTk0JywgJ3RydWVfZWknOiAn0KjQoicsICd0cnVlX3ZhbHVlJzogJzUuMDAwJywgJ3NwZWNfbWF0JzogJ0ZhbHNlJ30=
уголок 50 50 5 12 .,eydudW1fbWF0JzogJzg4ODAnLCAnbmFtZV9tYXQnOiAn0JvQtdC90YLQsCDQsy/QuiAxLjc1IDE0My41INCh0KIgMyDQn9ChIDUv0KHQnyA1JywgJ3RydWVfZWknOiAn0KjQoicsICd0cnVlX3ZhbHVlJzogJzYuMDAwJywgJ3NwZWNfbWF0JzogJ0ZhbHNlJ30=
полоса 60 6 6 .,eydudW1fbWF0JzogJzEwOTU1NScsICduYW1lX21hdCc6ICfQn9C+0LvQvtGB0LAgNiA2MCAwOSDQkyAyINChIDEwMycsICd0cnVlX2VpJzogJycsICd0cnVlX3ZhbHVlJzogJzUuMDAwJywgJ3NwZWNfbWF0JzogJ0ZhbHNlJ30=
арматура а 500 с 10 15.03 a id позиции 310,eydudW1fbWF0JzogJzk1NjYzJywgJ25hbWVfbWF0JzogJ9CQ0YDQvNCw0YLRg9GA0LAgMTAgMTEuNyDQnCDQkCA1MDAg0KEgMzQwMjgtMTYnLCAndHJ1ZV9laSc6ICfQoicsICd0cnVlX3ZhbHVlJzogJzExLjAwMCcsICdzcGVjX21hdCc6ICdGYWxzZSd9
арматура а 500 с 12 15.03 a id позиции 311,eydudW1fbWF0JzogJzk1NjY0JywgJ25hbWVfbWF0JzogJ9CQ0YDQvNCw0YLRg9GA0LAgMTIgMTEuNyDQnCDQkCA1MDAg0KEgMzQwMjgtMTYnLCAndHJ1ZV9laSc6ICfQoicsICd0cnVlX3ZhbHVlJzogJzcuMzAwJywgJ3NwZWNfbWF0JzogJ0ZhbHNlJ30=
арматура а 500 с 25 15.03 a id позиции 312,eydudW1fbWF0JzogJzk1NjgzJywgJ25hbWVfbWF0JzogJ9CQ0YDQvNCw0YLRg9GA0LAgMjUgMTIg0Jwg0JAgNTAwINChIDM0MDI4LTE2JywgJ3RydWVfZWknOiAn0KInLCAndHJ1ZV92YWx1ZSc6ICcyLjAwMCcsICdzcGVjX21hdCc6ICdGYWxzZSd9
полоса стальная шириной 40 толщиной 4,eydudW1fbWF0JzogJzUxNTcnLCAnbmFtZV9tYXQnOiAn0JHQsNC70LrQsCDQndCb0JMgNDUg0KggMSAxMiDQnCDQoSAzNTUtMyA1NzgzNycsICd0cnVlX2VpJzogJ9CiJywgJ3RydWVfdmFsdWUnOiAnMC4xODcnLCAnc3BlY19tYXQnOiAnRmFsc2UnfQ==
сетка кладочная вр 1 ф 3 ячейка 50 50 1.5 кв доставка и разгрузка манипуляторами обязателен комплект документов о качестве id позиции 9584489,eydudW1fbWF0JzogJzExMDM5MycsICduYW1lX21hdCc6ICfQodC10YLQutCwINCw0YDQvNCw0YLRg9GA0L3QsNGPICjQvCAyKSAzINCS0KAgMSA1MCA1MCAwLjUxINCcIDEuNSDQnCcsICd0cnVlX2VpJzogJ9Co0KInLCAndHJ1ZV92YWx1ZSc6ICcxLjAwMCcsICdzcGVjX21hdCc6ICdGYWxzZSd9
арматура ф 8 а 500 длина прута 6.0 доставка и разгрузка манипуляторами обязателен комплект документов о качестве a id позиции 9584490,eydudW1fbWF0JzogJzk1Njk3JywgJ25hbWVfbWF0JzogJ9CQ0YDQvNCw0YLRg9GA0LAgOCA2INCcINCQIDUwMCDQoSAzNDAyOC0xNicsICd0cnVlX2VpJzogJ9Ca0JMnLCAndHJ1ZV92YWx1ZSc6ICcxNTAwLjAwMCcsICdzcGVjX21hdCc6ICdGYWxzZSd9
арматура ф 12 аiii длина прута 6.0 доставка и разгрузка манипуляторами обязателен комплект документов о качестве a id позиции 9584491,eydudW1fbWF0JzogJzE3NycsICduYW1lX21hdCc6ICfQmtCS0JDQlNCg0JDQoicsICd0cnVlX2VpJzogJ9Ca0JMnLCAndHJ1ZV92YWx1ZSc6ICcxNTAwLjAwMCcsICdzcGVjX21hdCc6ICdGYWxzZSd9
арматура ф 16 аiii длина прута 6.0 доставка и разгрузка манипуляторами обязателен комплект документов о качестве a id позиции 9584492,eydudW1fbWF0JzogJzI5MycsICduYW1lX21hdCc6ICfQkNGA0LzQsNGC0YPRgNCwIDE2IDExLjcg0Jwg0JAtSUlJIDI1INCTIDIg0KEgNTc4MS04MicsICd0cnVlX2VpJzogJ9Ca0JMnLCAndHJ1ZV92YWx1ZSc6ICczMDAuMDAwJywgJ3NwZWNfbWF0JzogJ0ZhbHNlJ30=
уголок 50 50 5 длина прута 6.0 доставка и разгрузка манипуляторами обязателен комплект документов о качестве id позиции 9584493,eydudW1fbWF0JzogJzg4ODInLCAnbmFtZV9tYXQnOiAn0JvQuNGB0YIg0J3Qm9CTIDE2IDEuOCDQnCA2LjUg0Jwg0KHQoCAwOSDQkyAyINChIDE5MjgxJywgJ3RydWVfZWknOiAn0JrQkycsICd0cnVlX3ZhbHVlJzogJzMwMC4wMDAnLCAnc3BlY19tYXQnOiAnRmFsc2UnfQ==
уголок 100 100 10 длина прута 6.0 доставка и разгрузка манипуляторами обязателен комплект документов о качестве id позиции 9584494,eydudW1fbWF0JzogJzgzNTQnLCAnbmFtZV9tYXQnOiAn0JrRgNGD0LMgOTUg0J3QldCc0JXQoCA2NSDQkycsICd0cnVlX2VpJzogJ9Ca0JMnLCAndHJ1ZV92YWx1ZSc6ICc3MDAuMDAwJywgJ3NwZWNfbWF0JzogJ0ZhbHNlJ30=
полоса 50 5 длина прута 6.0 доставка и разгрузка манипуляторами обязателен комплект документов о качестве id позиции 9584495,eydudW1fbWF0JzogJzUxODAnLCAnbmFtZV9tYXQnOiAn0JvQmNCh0KIg0KbQktCV0KLQndCe0JknLCAndHJ1ZV9laSc6ICfQmtCTJywgJ3RydWVfdmFsdWUnOiAnMTAwLjAwMCcsICdzcGVjX21hdCc6ICdGYWxzZSd9
арматура ф 12 а 500 длина прута 6.0 доставка и разгрузка манипуляторами обязателен комплект документов о качестве a id позиции 9584510,eydudW1fbWF0JzogJzk1NjY0JywgJ25hbWVfbWF0JzogJ9CQ0YDQvNCw0YLRg9GA0LAgMTIgMTEuNyDQnCDQkCA1MDAg0KEgMzQwMjgtMTYnLCAndHJ1ZV9laSc6ICfQmtCTJywgJ3RydWVfdmFsdWUnOiAnMjAwMC4wMDAnLCAnc3BlY19tYXQnOiAnRmFsc2UnfQ==
швеллер 20 у,eydudW1fbWF0JzogJzU5NjYnLCAnbmFtZV9tYXQnOiAn0JvQtdC90YLQsCDRhS/QuiAxLjAgOTg1IDA4INCf0KEv0KHQnycsICd0cnVlX2VpJzogJ9CiJywgJ3RydWVfdmFsdWUnOiAnMTcuMDAwJywgJ3NwZWNfbWF0JzogJ0ZhbHNlJ30=
швеллер 6.5 у,eydudW1fbWF0JzogJzk1MjgyJywgJ25hbWVfbWF0JzogJ9Co0LLQtdC70LvQtdGAIDYuNSDQoyAxMiDQnCDQodCiIDMg0J/QoS/QodCfIDgyNDAnLCAndHJ1ZV9laSc6ICfQoicsICd0cnVlX3ZhbHVlJzogJzExLjAwMCcsICdzcGVjX21hdCc6ICdGYWxzZSd9
арматура а 500 с 8 a id позиции 899,eydudW1fbWF0JzogJzk1Njc1JywgJ25hbWVfbWF0JzogJ9CQ0YDQvNCw0YLRg9GA0LAgOCAxMS43INCcINCQIDUwMCDQoSAzNDAyOC0xNicsICd0cnVlX2VpJzogJ9CiJywgJ3RydWVfdmFsdWUnOiAnMS43OTAnLCAnc3BlY19tYXQnOiAnRmFsc2UnfQ==
арматура а 500 с 10 a id позиции 900,eydudW1fbWF0JzogJzk1NjYzJywgJ25hbWVfbWF0JzogJ9CQ0YDQvNCw0YLRg9GA0LAgMTAgMTEuNyDQnCDQkCA1MDAg0KEgMzQwMjgtMTYnLCAndHJ1ZV9laSc6ICfQoicsICd0cnVlX3ZhbHVlJzogJzYuNTIwJywgJ3NwZWNfbWF0JzogJ0ZhbHNlJ30=
арматура а 500 с 12 a id позиции 901,eydudW1fbWF0JzogJzk1NjY0JywgJ25hbWVfbWF0JzogJ9CQ0YDQvNCw0YLRg9GA0LAgMTIgMTEuNyDQnCDQkCA1MDAg0KEgMzQwMjgtMTYnLCAndHJ1ZV9laSc6ICfQoicsICd0cnVlX3ZhbHVlJzogJzEyLjAwMCcsICdzcGVjX21hdCc6ICdGYWxzZSd9
арматура а 500 с 16 a id позиции 902,eydudW1fbWF0JzogJzk1NjY2JywgJ25hbWVfbWF0JzogJ9CQ0YDQvNCw0YLRg9GA0LAgMTYgMTEuNyDQnCDQkCA1MDAg0KEgMzQwMjgtMTYnLCAndHJ1ZV9laSc6ICfQoicsICd0cnVlX3ZhbHVlJzogJzAuNjkwJywgJ3NwZWNfbWF0JzogJ0ZhbHNlJ30=
балка 30 к 1 ст 3 по 12,eydudW1fbWF0JzogJzEyOTknLCAnbmFtZV9tYXQnOiAn0JHQsNC70LrQsCDQndCb0JMgMzAg0JogMSAxMiDQnCAwOSDQkyAyINChIDU3ODM3JywgJ3RydWVfZWknOiAn0KjQoicsICd0cnVlX3ZhbHVlJzogJzguMDAwJywgJ3NwZWNfbWF0JzogJ0ZhbHNlJ30=
швеллер гнутый 200 80 4 ст 3 336,eydudW1fbWF0JzogJzY0OTYnLCAnbmFtZV9tYXQnOiAn0K3Qu9C10LrRgtGA0L7QtNGLIDUg0J7Ql9ChLTQg0JjQm9Cs0JzQldCd0JjQoicsICd0cnVlX2VpJzogJ9CcJywgJ3RydWVfdmFsdWUnOiAnMzM2LjAwMCcsICdzcGVjX21hdCc6ICdGYWxzZSd9
швеллер гнутый 200 80 5 ст 3 48,eydudW1fbWF0JzogJzY0OTgnLCAnbmFtZV9tYXQnOiAn0K3Qu9C10LrRgtGA0L7QtNGLIDUg0J7Qmi00NiDQoNCj0KLQmNCbJywgJ3RydWVfZWknOiAn0JwnLCAndHJ1ZV92YWx1ZSc6ICc0OC4wMDAnLCAnc3BlY19tYXQnOiAnRmFsc2UnfQ==
лист плоский оц 01 бц 0.7,eydudW1fbWF0JzogJzIwMjE2JywgJ25hbWVfbWF0JzogJ9Cb0LjRgdGCINCe0KYgMC43IDEuMjUg0JwgMi41INCcIFpOIDEyMCAwOCDQn9ChL9Ch0J8gMTQ5MTgnLCAndHJ1ZV9laSc6ICfQqNCiJywgJ3RydWVfdmFsdWUnOiAnMS4wMDAnLCAnc3BlY19tYXQnOiAnRmFsc2UnfQ==
арматура ф 16 а 500 с 12,eydudW1fbWF0JzogJzk1Njc5JywgJ25hbWVfbWF0JzogJ9CQ0YDQvNCw0YLRg9GA0LAgMTYgMTIg0Jwg0JAgNTAwINChIDM0MDI4LTE2JywgJ3RydWVfZWknOiAn0KInLCAndHJ1ZV92YWx1ZSc6ICcxMi44NjQnfQ==
арматура ф 12 а 500 с 12,eydudW1fbWF0JzogJzk1Njg4JywgJ25hbWVfbWF0JzogJ9CQ0YDQvNCw0YLRg9GA0LAgOCAxMiDQnCDQkCA1MDAg0KEgMzQwMjgtMTYnLCAndHJ1ZV9laSc6ICfQoicsICd0cnVlX3ZhbHVlJzogJzUuMDg4J30=
арматура ф 6 а 240 с 12,eydudW1fbWF0JzogJzExMzI3NScsICduYW1lX21hdCc6ICfQkNGA0LzQsNGC0YPRgNCwIDEyIDYg0Jwg0JAgMjQwIDM0MDI4LTE2JywgJ3RydWVfZWknOiAn0KInLCAndHJ1ZV92YWx1ZSc6ICcwLjMwMCd9
проволока вязальная 1.2,eydudW1fbWF0JzogJzI5MzE3JywgJ25hbWVfbWF0JzogJ9Cf0YDQvtCy0L7Qu9C+0LrQsCDQvdC10YDQtiBEIDEuMicsICd0cnVlX2VpJzogJ9Ca0JMnLCAndHJ1ZV92YWx1ZSc6ICcyMzcuMDAwJ30=
уголок 50 50 5 ст 3,eydudW1fbWF0JzogJzg4OTcnLCAnbmFtZV9tYXQnOiAn0JvQtdC90YLQsCDQntCmIDAuOTUgOTInLCAndHJ1ZV9laSc6ICfQoicsICd0cnVlX3ZhbHVlJzogJzIuNTAwJ30=
швеллер 8 п ст 3,eydudW1fbWF0JzogJzg1Mjc3JywgJ25hbWVfbWF0JzogJ9Co0LLQtdC70LvQtdGAIDgg0J8gNiDQvCDRgdGCIDMnLCAndHJ1ZV9laSc6ICfQoicsICd0cnVlX3ZhbHVlJzogJzEuNTAwJ30=
швеллер 12 п 12,eydudW1fbWF0JzogJzU4MzEnLCAnbmFtZV9tYXQnOiAnINCf0LvQsNC90LrQsCDRgtC+0YDRhtC10LLQsNGPIDk1IDEyMCAxNSAwLjQgMiDQvCDQn9CtIFJBTCAzMDA1INC60YDQsNGB0L3QvtC1INCy0LjQvdC+INCaLTUwNicsICd0cnVlX2VpJzogJ9Co0KInLCAndHJ1ZV92YWx1ZSc6ICcxLjAwMCd9
швеллер 20 у ст 3 с 255 по 12,eydudW1fbWF0JzogJzU5NTknLCAnbmFtZV9tYXQnOiAnINCS0LXRgtGA0L7QstCw0Y8g0LTQvtGB0LrQsCDQtNC70Y8g0LzRj9Cz0LrQvtC5INC60YDQvtCy0LvQuCAxMDAgMjUgMTMwIDAuNCAyINC8INCf0K0gUkFMIDgwMTcg0YjQvtC60L7Qu9Cw0LQg0JotNTE0JywgJ3RydWVfZWknOiAn0KjQoicsICd0cnVlX3ZhbHVlJzogJzI4LjAwMCd9
круг 10 0.8 тонны,eydudW1fbWF0JzogJzE1NTQnLCAnbmFtZV9tYXQnOiAn0JrRgNGD0LMgMTAgMTAg0Lwg0YHRgiAzICcsICd0cnVlX2VpJzogJ9CiJywgJ3RydWVfdmFsdWUnOiAnMC44MDAnfQ==
круг 12 1.5 тонны,eydudW1fbWF0JzogJzE2MTUnLCAnbmFtZV9tYXQnOiAnINCa0L7QvdC10Log0L/Qu9C+0YHQutC40LkgMTUwIDE1MCAwLjM1IDIg0Lwg0J/QrSBSQUwgNzAyNCDRgdC10YDRi9C5INCz0YDQsNGE0LjRgiDQmi01MTInLCAndHJ1ZV9laSc6ICfQoicsICd0cnVlX3ZhbHVlJzogJzEuNTAwJ30=
круг 14 1.5 тонны,eydudW1fbWF0JzogJzE2NDMnLCAnbmFtZV9tYXQnOiAn0JrRgNGD0LMgMTQgMS4xINC8INGB0YIgMycsICd0cnVlX2VpJzogJ9CiJywgJ3RydWVfdmFsdWUnOiAnMS41MDAnfQ==
круг 18 1.7 тонны,eydudW1fbWF0JzogJzE3NDYnLCAnbmFtZV9tYXQnOiAnINCf0YDQvtGE0L3QsNGB0YLQuNC7INCe0KYg0KEgNDQgMC43IDEuMDQ3INC8IDMg0LwnLCAndHJ1ZV9laSc6ICfQoicsICd0cnVlX3ZhbHVlJzogJzEuNzAwJ30=
арматура 8 4 тонны,eydudW1fbWF0JzogJzM0JywgJ25hbWVfbWF0JzogJ9CQ0YDQvNCw0YLRg9GA0LAgMTAgNi40INC8INCQLUlJSSAzNSDQk9ChIDU3ODEtODInLCAndHJ1ZV9laSc6ICfQoicsICd0cnVlX3ZhbHVlJzogJzQuMDAwJ30=
арматура 6 1.5 тонны,eydudW1fbWF0JzogJzYnLCAnbmFtZV9tYXQnOiAn0JrQoNCj0JNf0J3QldCg0JYnLCAndHJ1ZV9laSc6ICfQoicsICd0cnVlX3ZhbHVlJzogJzEuNTAwJ30=
швеллер 10 кол во по 6,eydudW1fbWF0JzogJzU4MTgnLCAnbmFtZV9tYXQnOiAnINCf0LvQsNC90LrQsCDRgdC90LXQs9C+0LfQsNC00LXRgNC20LDRgtC10LvRjyA5NSA2NSAwLjQ1IDIg0Lwg0J/QrSDQsiDQv9C70LXQvdC60LUgUkFMIDUwMDUg0YHQuNCz0L3QsNC70YzQvdC+LdGB0LjQvdC40Lkg0JotNTAzJywgJ3RydWVfZWknOiAn0KjQoicsICd0cnVlX3ZhbHVlJzogJzE2LjAwMCd9
лист 3 гк,eydudW1fbWF0JzogJzE3MzU2JywgJ25hbWVfbWF0JzogJ9Cb0LXQvdGC0LAg0L/QvtC70LjQvNC10YAgMC42NSA0NyDQn9CtIFJBTCA5MDAzINGB0LjQs9C90LDQu9GM0L3Qvi3QsdC10LvRi9C5JywgJ3RydWVfZWknOiAnJywgJ3RydWVfdmFsdWUnOiAnMy4wMDAnfQ==
лист 4,eydudW1fbWF0JzogJzE3NjE4JywgJ25hbWVfbWF0JzogJ9Cb0LjRgdGCINCTL9CaIDQg0KQgMiDRgdGCIDMgMTQ2MzcnLCAndHJ1ZV9laSc6ICcnLCAndHJ1ZV92YWx1ZSc6ICcyLjAwMCd9
труба 50 50 2,eydudW1fbWF0JzogJzgxNzAnLCAnbmFtZV9tYXQnOiAn0JvQtdC90YLQsCDQntCmIDAuNjUgMTM3INC90LXQutC+0L3QtNC40YbQuNGPJywgJ3RydWVfZWknOiAnJywgJ3RydWVfdmFsdWUnOiAnMTMuMDAwJ30=
лист 0.7,eydudW1fbWF0JzogJzc3NjcwJywgJ25hbWVfbWF0JzogJ9Cb0LjRgdGCINClL9CaIDAuNyAxLjI1INC8IDIuNSDQvCAwOCDQotCjJywgJ3RydWVfZWknOiAn0KjQoicsICd0cnVlX3ZhbHVlJzogJzYuMDAwJ30=
уголок 40 40 3 12 по 6,eydudW1fbWF0JzogJzc4NDIwJywgJ25hbWVfbWF0JzogJ9Cj0LPQvtC70L7QuiA0MCA0MCAzIDEyINC8INGB0YIgMycsICd0cnVlX2VpJzogJ9CcJywgJ3RydWVfdmFsdWUnOiAnNi4wMDAnfQ==
труба проф 40 60 3 24 пог,eydudW1fbWF0JzogJzg4NzEzJywgJ25hbWVfbWF0JzogJ9Ci0YDRg9Cx0LAg0L/RgNC+0YQgNjAgNDAgMyDQotCjIDAwNC3QkCcsICd0cnVlX2VpJzogJycsICd0cnVlX3ZhbHVlJzogJzI0LjAwMCd9
балка 18 б 2,eydudW1fbWF0JzogJzg2MDc1JywgJ25hbWVfbWF0JzogJ9CR0LDQu9C60LAgMTgg0JEgMiAxMiDQvCDRgdGCIDMg0L/RgSA1L9GB0L8gNScsICd0cnVlX2VpJzogJ9CiJywgJ3RydWVfdmFsdWUnOiAnMy4zOTAnfQ==
сталь арматурная 16 а 500 с требуется к 20.02.2024 id позиции 7741446,eydudW1fbWF0JzogJzk1NjY2JywgJ25hbWVfbWF0JzogJ9CQ0YDQvNCw0YLRg9GA0LAgMTYgMTEuNyDQvCDQkCA1MDAg0KEgMzQwMjgtMTYnLCAndHJ1ZV9laSc6ICfQoicsICd0cnVlX3ZhbHVlJzogJzIwLjAwMCd9
уголок стальной 50 50 6 стенку можно больше 6,eydudW1fbWF0JzogJzY5MzQyJywgJ25hbWVfbWF0JzogJ9Cj0LPQvtC70L7QuiDQs9C90YPRgtGL0LkgNTAgNTAgNiDRgdGCIDMg0L/RgSA1L9GB0L8gNScsICd0cnVlX2VpJzogJ9CcJywgJ3RydWVfdmFsdWUnOiAnNi4wMDAnfQ==
труба проф 40 20,eydudW1fbWF0JzogJzgxMjAnLCAnbmFtZV9tYXQnOiAn0JHQsNC70LrQsCDQndCb0JMgMjUg0KggMSAxMiDQvCAwOSDQsyAyINGBLTE1JywgJ3RydWVfZWknOiAn0KInLCAndHJ1ZV92YWx1ZSc6ICczLjAwMCd9
проволока вязальная,eydudW1fbWF0JzogJzk0OTk4JywgJ25hbWVfbWF0JzogJ9Cf0YDQvtCy0L7Qu9C+0LrQsCDQsNC70Y7QvCAyLjAnLCAndHJ1ZV9laSc6ICfQmtCTJywgJ3RydWVfdmFsdWUnOiAnNS4wMDAnfQ==
арматура аiii 12 по 11.7,eydudW1fbWF0JzogJzE3NicsICduYW1lX21hdCc6ICfQmtCg0KPQk1/QndCV0KDQlicsICd0cnVlX2VpJzogJ9Co0KInLCAndHJ1ZV92YWx1ZSc6ICc2OC4wMDAnfQ==
швеллер 12 п 12,eydudW1fbWF0JzogJzU4MzEnLCAnbmFtZV9tYXQnOiAnINCf0LvQsNC90LrQsCDRgtC+0YDRhtC10LLQsNGPIDk1IDEyMCAxNSAwLjQgMiDQvCDQn9CtIFJBTCAzMDA1INC60YDQsNGB0L3QvtC1INCy0LjQvdC+INCaLTUwNicsICd0cnVlX2VpJzogJ9Co0KInLCAndHJ1ZV92YWx1ZSc6ICcxLjAwMCd9
уголок 35 35 4 ст 3 16,eydudW1fbWF0JzogJzg3ODgnLCAnbmFtZV9tYXQnOiAn0JvQuNGB0YIg0J3Qm9CTIDE0IDEuNSDQnCA2LjIg0Jwg0KHQoCAwOSDQkyAyINChIDE5MjgxJywgJ3RydWVfZWknOiAn0JwnLCAndHJ1ZV92YWx1ZSc6ICcxNi4wMDAnfQ==
уголок 50 50 5 ст 3 120 если 12 ые то резать попола,eydudW1fbWF0JzogJzg4ODEnLCAnbmFtZV9tYXQnOiAn0JrRgNGD0LMgMTQwINCd0JXQnNCV0KAgOSDQpdChJywgJ3RydWVfZWknOiAn0KjQoicsICd0cnVlX3ZhbHVlJzogJzEuMDAwJ30=
лист 3 ст 3 18 2 1.5 6.0 2,eydudW1fbWF0JzogJzc4ODAzJywgJ25hbWVfbWF0JzogJ9Cb0LjRgdGCINCTL9CaIDMgMSDQnCAyINCcINCh0KAgNjAg0KEgMiDQkCDQotCjJywgJ3RydWVfZWknOiAn0KjQoicsICd0cnVlX3ZhbHVlJzogJzEuMDAwJ30=
сетка 20 2.0 5336,eydudW1fbWF0JzogJzExMDUzJywgJ25hbWVfbWF0JzogJ9Cb0LXQvdGC0LAg0J7QpiAyLjAgMzY2JywgJ3RydWVfZWknOiAn0JrQkycsICd0cnVlX3ZhbHVlJzogJzM2LjAwMCd9
профиль 45 б 1 84 .,eydudW1fbWF0JzogJzEwMDUwMicsICduYW1lX21hdCc6ICfQn9GA0L7RhNC40LvRjCA1MCA0MCAyNSAxLjAgMi41INCcJywgJ3RydWVfZWknOiAn0JrQkycsICd0cnVlX3ZhbHVlJzogJzEwLjAwMCd9
профиль 25 к 2 108 .,eydudW1fbWF0JzogJzEwMDUwMicsICduYW1lX21hdCc6ICfQn9GA0L7RhNC40LvRjCA1MCA0MCAyNSAxLjAgMi41INCcJywgJ3RydWVfZWknOiAn0JrQkycsICd0cnVlX3ZhbHVlJzogJzkuMDAwJ30=
профиль 30 ш 1 12 .,eydudW1fbWF0JzogJzYwMzgyJywgJ25hbWVfbWF0JzogJ9Cf0YDQvtGE0LjQu9GMINGE0LDRgdCw0LTQvdGL0Lkg0JDQoCA2IDEyIDEyIDIwIDAuOCAzINCcJywgJ3RydWVfZWknOiAn0KjQoicsICd0cnVlX3ZhbHVlJzogJzEuMDAwJ30=
профиль 25 ш 1 72 .,eydudW1fbWF0JzogJzEwMDUwMicsICduYW1lX21hdCc6ICfQn9GA0L7RhNC40LvRjCA1MCA0MCAyNSAxLjAgMi41INCcJywgJ3RydWVfZWknOiAn0JrQkycsICd0cnVlX3ZhbHVlJzogJzYuMDAwJ30=
профиль 20 б 1 180 .,eydudW1fbWF0JzogJzkzNTE4JywgJ25hbWVfbWF0JzogJ9ChLdC/0YDQvtGE0LjQu9GMIDIwMCA2MCAxNSAzIDEyINCcJywgJ3RydWVfZWknOiAn0JrQkycsICd0cnVlX3ZhbHVlJzogJzE1LjAwMCd9
труба 160 160 4 .,eydudW1fbWF0JzogJzk5NDg1JywgJ25hbWVfbWF0JzogJ9Ci0YDRg9Cx0LAg0L/RgNC+0YQg0J7QpiAxNjAgMTYwIDQg0J7QpiDQotCjJywgJ3RydWVfZWknOiAn0JwnLCAndHJ1ZV92YWx1ZSc6ICcxLjAwMCd9
труба 100 100 4 .,eydudW1fbWF0JzogJzkwMDM1JywgJ25hbWVfbWF0JzogJ9Ci0YDRg9Cx0LAg0L/RgNC+0YTQuNC70YzQvdCw0Y8gMTAwIDEwMCA0INCi0KMnLCAndHJ1ZV9laSc6ICfQnCcsICd0cnVlX3ZhbHVlJzogJzcyLjAwMCd9
труба 80 80 4 .,eydudW1fbWF0JzogJzEwMDA0OScsICduYW1lX21hdCc6ICfQotGA0YPQsdCwINCe0KYgODAgNCDQk9Ce0KHQoicsICd0cnVlX2VpJzogJ9Ca0JMnLCAndHJ1ZV92YWx1ZSc6ICcyLjAwMCd9
уголок 80 80 6 .,eydudW1fbWF0JzogJzY5MzkzJywgJ25hbWVfbWF0JzogJ9Cj0LPQvtC70L7QuiDQs9C90YPRgtGL0LkgODAgODAgNiDQodCiIDMg0J/QoSA1L9Ch0J8gNScsICd0cnVlX2VpJzogJ9Ca0JMnLCAndHJ1ZV92YWx1ZSc6ICc1LjAwMCd9
уголок 75 50 5 .,eydudW1fbWF0JzogJzY5NDM0JywgJ25hbWVfbWF0JzogJ9Cj0LPQvtC70L7QuiDQs9C90YPRgtGL0Lkg0L3Qu9CzIDc1IDUwIDUgMDkg0JMgMiDQoScsICd0cnVlX2VpJzogJ9Ca0JMnLCAndHJ1ZV92YWx1ZSc6ICc1LjAwMCd9
уголок 160 100 10 .,eydudW1fbWF0JzogJzg1OTYnLCAnbmFtZV9tYXQnOiAn0JDRgNC80LDRgtGD0YDQsCAxNCAyLjkyINCcINCQIDUwMCBDIDUyNTQ0LTA2JywgJ3RydWVfZWknOiAn0KjQoicsICd0cnVlX3ZhbHVlJzogJzEuMDAwJ30=
квадрат 50 50 69,eydudW1fbWF0JzogJzExMTA1NCcsICduYW1lX21hdCc6ICfQmtCy0LDQtNGA0LDRgiA1MCA0MCDQpSAyNTkxJywgJ3RydWVfZWknOiAn0JwnLCAndHJ1ZV92YWx1ZSc6ICc2OS4wMDAnfQ==
лист 2 ст 3,eydudW1fbWF0JzogJzcyNTQnLCAnbmFtZV9tYXQnOiAn0JvQtdC90YLQsCDQntCmIDEuMiA2MjEnLCAndHJ1ZV9laSc6ICfQnCcsICd0cnVlX3ZhbHVlJzogJzguMzAwJ30=
лист 3 ст 3,eydudW1fbWF0JzogJzE4MzYwJywgJ25hbWVfbWF0JzogJ9Cb0LjRgdGCINCTL9CaIDY1INCkIDIg0KHQoiAzNSDQotCjJywgJ3RydWVfZWknOiAn0JwyJywgJ3RydWVfdmFsdWUnOiAnNS4wMDAnfQ==
лист 4 ст 3,eydudW1fbWF0JzogJzE4MzYwJywgJ25hbWVfbWF0JzogJ9Cb0LjRgdGCINCTL9CaIDY1INCkIDIg0KHQoiAzNSDQotCjJywgJ3RydWVfZWknOiAn0JrQkycsICd0cnVlX3ZhbHVlJzogJzIuMDAwJ30=
круг 24 ст 35 1 3,eydudW1fbWF0JzogJzE4ODAnLCAnbmFtZV9tYXQnOiAn0JrRgNGD0LMgMjQgNC41INCcINCh0KIgMzUnLCAndHJ1ZV9laSc6ICfQqNCiJywgJ3RydWVfdmFsdWUnOiAnMS4wMDAnfQ==
круг 30 ст 35 1 3,eydudW1fbWF0JzogJzIwMjEnLCAnbmFtZV9tYXQnOiAn0JrRgNGD0LMgMzAgNSDQnCDQodCiIDM1JywgJ3RydWVfZWknOiAn0KjQoicsICd0cnVlX3ZhbHVlJzogJzEuMDAwJ30=
труба вгп 32 3.2 3,eydudW1fbWF0JzogJzcyNTQnLCAnbmFtZV9tYXQnOiAn0JvQtdC90YLQsCDQntCmIDEuMiA2MjEnLCAndHJ1ZV9laSc6ICfQmtCTJywgJ3RydWVfdmFsdWUnOiAnMS4wMDAnfQ==
уголок 50 4 ст 3 6,eydudW1fbWF0JzogJzExNzA0MScsICduYW1lX21hdCc6ICfQo9Cz0L7Qu9C+0LogNTAgNTAgNCA2INCcINChIDI1NSA4NTA5JywgJ3RydWVfZWknOiAn0KjQoicsICd0cnVlX3ZhbHVlJzogJzEuMDAwJ30=
уголок 70 8 ст 3 6,eydudW1fbWF0JzogJzg1NDI2JywgJ25hbWVfbWF0JzogJ9Cj0LPQvtC70L7QuiA3MCA3MCA4IDEyINCcINCh0KIgMyDQn9ChIDUv0KHQnyA1IDg1MDknLCAndHJ1ZV9laSc6ICfQqNCiJywgJ3RydWVfdmFsdWUnOiAnMS4wMDAnfQ==
труба проф 40 40 3 по 6,eydudW1fbWF0JzogJzgxNDYnLCAnbmFtZV9tYXQnOiAn0JvQtdC90YLQsCDQsNC70Y7QvNC40L3QuNC10LLQsNGPIDIuMCAxNjAnLCAndHJ1ZV9laSc6ICfQmtCTJywgJ3RydWVfdmFsdWUnOiAnMjAuMDAwJ30=
лист горячекатаный 4 1.5 6 ст 3 пс 5 сп 5,eydudW1fbWF0JzogJzE3NzQzJywgJ25hbWVfbWF0JzogJ9Cb0LjRgdGCINCTL9CaIDQgMS41INCcIDYg0Jwg0KHQoiAzINCf0KEgNS/QodCfIDUgMTQ2MzcnLCAndHJ1ZV9laSc6ICfQqNCiJywgJ3RydWVfdmFsdWUnOiAnMS4wMDAnfQ==
лист горячекатаный 6 2 6 ст 3 пс 5 сп 5 14637,eydudW1fbWF0JzogJzE4MzI1JywgJ25hbWVfbWF0JzogJ9Cb0LjRgdGCINCTL9CaIDYgMiDQnCA2INCcINCh0KIgMyDQn9ChIDUv0KHQnyA1IDE0NjM3JywgJ3RydWVfZWknOiAn0KjQoicsICd0cnVlX3ZhbHVlJzogJzEuMDAwJ30=
полоса 3 20 ст 3 пссп по 6,eydudW1fbWF0JzogJzgwODYwJywgJ25hbWVfbWF0JzogJ9Cf0L7Qu9C+0YHQsCAzIDIwINCh0KIgMyDQn9ChL9Ch0J8g0KLQoycsICd0cnVlX2VpJzogJ9CcJywgJ3RydWVfdmFsdWUnOiAnMTIuMDAwJ30=
уголок 63 5 ст 3 по 12 с резкой попола,eydudW1fbWF0JzogJzExNzA0MycsICduYW1lX21hdCc6ICfQo9Cz0L7Qu9C+0LogNjMgNjMgNSAxMiDQnCDQoSAyNTUgODUwOScsICd0cnVlX2VpJzogJ9Co0KInLCAndHJ1ZV92YWx1ZSc6ICcyLjAwMCd9
швеллер 20 п ст 255 245,eydudW1fbWF0JzogJzg2MTk0JywgJ25hbWVfbWF0JzogJ9Co0LLQtdC70LvQtdGAIDIwINCfIDEyINCcINChIDI1NSA4MjQwJywgJ3RydWVfZWknOiAn0KInLCAndHJ1ZV92YWx1ZSc6ICc1NC4wMDAnfQ==
сетка d 4 вр 1 100 100 2 3,eydudW1fbWF0JzogJzY2MTcxJywgJ25hbWVfbWF0JzogJ9Ch0LXRgtC60LAg0LDRgNC80LDRgtGD0YDQvdCw0Y8gKNC8IDIpIDQg0JLQoCAxIDEwMCAxMDAgMiDQnCAzINCcIDUwLzUnLCAndHJ1ZV9laSc6ICfQmtCTJywgJ3RydWVfdmFsdWUnOiAnNS4wMDAnfQ==
полоса 50 6 углерод,eydudW1fbWF0JzogJzUxOTgnLCAnbmFtZV9tYXQnOiAn0J/QodCfINCa0KDQntCS0JvQryDQn9Cg0J7Qp9CY0JUnLCAndHJ1ZV9laSc6ICcnLCAndHJ1ZV92YWx1ZSc6ICcxLjAwMCd9
профиль замкнутый сварной 120 120 5 легир,eydudW1fbWF0JzogJzgyNTQnLCAnbmFtZV9tYXQnOiAn0JrRgNGD0LMgNDggNiDQnCAwOSDQkyAyINChJywgJ3RydWVfZWknOiAnJywgJ3RydWVfdmFsdWUnOiAnMS4wMDAnfQ==
труба проф 80 5,eydudW1fbWF0JzogJzc3MDQwJywgJ25hbWVfbWF0JzogJ9Ci0YDRg9Cx0LAg0L/RgNC+0YTQuNC70YzQvdCw0Y8gODAgODAgNSDQk9Ce0KHQoicsICd0cnVlX2VpJzogJycsICd0cnVlX3ZhbHVlJzogJzEuMDAwJ30=
труба проф 100 5,eydudW1fbWF0JzogJzc5MDYnLCAnbmFtZV9tYXQnOiAn0JDRgNC80LDRgtGD0YDQsCDRgtC10YDQvCAxMiAxMC4yINCcINCQ0KIgODAwIDEwODg0LTk0JywgJ3RydWVfZWknOiAnJywgJ3RydWVfdmFsdWUnOiAnMS4wMDAnfQ==
труба проф 140 8,eydudW1fbWF0JzogJzc2OTcyJywgJ25hbWVfbWF0JzogJ9Ci0YDRg9Cx0LAg0L/RgNC+0YTQuNC70YzQvdCw0Y8gMTQwIDE0MCA4INCT0J7QodCiJywgJ3RydWVfZWknOiAnJywgJ3RydWVfdmFsdWUnOiAnMS4wMDAnfQ==
труба проф 180 140 8,eydudW1fbWF0JzogJzk3NTE3JywgJ25hbWVfbWF0JzogJ9Ci0YDRg9Cx0LAg0L/RgNC+0YTQuNC70YzQvdCw0Y8gMTgwIDE0MCA4INCT0J7QodCiJywgJ3RydWVfZWknOiAnJywgJ3RydWVfdmFsdWUnOiAnMS4wMDAnfQ==
швеллер 140 60 3,eydudW1fbWF0JzogJzYzODgnLCAnbmFtZV9tYXQnOiAn0JvQtdC90YLQsCDQntCmIDEuNDUgMjkxJywgJ3RydWVfZWknOiAnJywgJ3RydWVfdmFsdWUnOiAnMS4wMDAnfQ==
швеллер 180 100 6,eydudW1fbWF0JzogJzY0NTInLCAnbmFtZV9tYXQnOiAn0K3Qu9C10LrRgtGA0L7QtNGLIDMg0KLQnNCbLTEg0KMg0J7QodCd0J7QktCd0J7QmScsICd0cnVlX2VpJzogJycsICd0cnVlX3ZhbHVlJzogJzEuMDAwJ30=
балка 30 ш 1,eydudW1fbWF0JzogJzk0NCcsICduYW1lX21hdCc6ICfQkNGA0LzQsNGC0YPRgNCwIDIwINCf0J7QlCDQl9CQ0JogQdCSIDQwMCBDINCi0KMgMTQtMS01MjUnLCAndHJ1ZV9laSc6ICcnLCAndHJ1ZV92YWx1ZSc6ICcxLjAwMCd9
балка 40 ш 1,eydudW1fbWF0JzogJzEwNzQnLCAnbmFtZV9tYXQnOiAn0JHQsNC70LrQsCA0MCDQqCAxIDEyINCcINChIDI1NSA1NzgzNycsICd0cnVlX2VpJzogJycsICd0cnVlX3ZhbHVlJzogJzEuMDAwJ30=
труба вгп 25 ду 3.2 6 10,eydudW1fbWF0JzogJzcyNDUnLCAnbmFtZV9tYXQnOiAn0JrRgNGD0LMgMjEwIDMg0JwgNDAg0KUnLCAndHJ1ZV9laSc6ICcnLCAndHJ1ZV92YWx1ZSc6ICcxLjAwMCd9
труба 25 3.2 ст 2 2 пс,eydudW1fbWF0JzogJzcyNDUnLCAnbmFtZV9tYXQnOiAn0JrRgNGD0LMgMjEwIDMg0JwgNDAg0KUnLCAndHJ1ZV9laSc6ICcnLCAndHJ1ZV92YWx1ZSc6ICcxLjAwMCd9
труба 32 3.0 бш,eydudW1fbWF0JzogJzcyNTQnLCAnbmFtZV9tYXQnOiAn0JvQtdC90YLQsCDQntCmIDEuMiA2MjEnLCAndHJ1ZV9laSc6ICcnLCAndHJ1ZV92YWx1ZSc6ICcxLjAwMCd9
труба 100 100 5 с 10 144 п,eydudW1fbWF0JzogJzc5MDYnLCAnbmFtZV9tYXQnOiAn0JDRgNC80LDRgtGD0YDQsCDRgtC10YDQvCAxMiAxMC4yINCcINCQ0KIgODAwIDEwODg0LTk0JywgJ3RydWVfZWknOiAnJywgJ3RydWVfdmFsdWUnOiAnMS4wMDAnfQ==
труба 114 5 ст 20 8732 24,eydudW1fbWF0JzogJzY4ODAnLCAnbmFtZV9tYXQnOiAn0JrRgNGD0LMg0L3QtdGA0LbQsNCy0LXRjtGJ0LjQuSAxMiAzMDQnLCAndHJ1ZV9laSc6ICcnLCAndHJ1ZV92YWx1ZSc6ICcxLjAwMCd9
труба 50 25 3 216 п,eydudW1fbWF0JzogJzgxNTcnLCAnbmFtZV9tYXQnOiAn0JrRgNGD0LMg0L3QtdGA0LbQsNCy0LXRjtGJ0LjQuSAyNSAzMCDQpSAxMycsICd0cnVlX2VpJzogJycsICd0cnVlX3ZhbHVlJzogJzEuMDAwJ30=
труба 50 50 3 216 п,eydudW1fbWF0JzogJzgxNzInLCAnbmFtZV9tYXQnOiAn0JvQuNGB0YIg0JMv0JogNTAgMS41INCcIDYuMyDQnCDQodCgINCh0KIgMyDQn9ChIDUv0KHQnyA1IDE0NjM3JywgJ3RydWVfZWknOiAnJywgJ3RydWVfdmFsdWUnOiAnMS4wMDAnfQ==
труба п двубавр 25 ш 1 09 г 2 с 72 п,eydudW1fbWF0JzogJzg2MScsICduYW1lX21hdCc6ICfQkNGA0LzQsNGC0YPRgNCwIDEyIDYuMzcg0Jwg0JAgODAwIDM0MDI4LTE2JywgJ3RydWVfZWknOiAnJywgJ3RydWVfdmFsdWUnOiAnMS4wMDAnfQ==
труба 80 80 5 ст 10 60 п,eydudW1fbWF0JzogJzc3MDQwJywgJ25hbWVfbWF0JzogJ9Ci0YDRg9Cx0LAg0L/RgNC+0YTQuNC70YzQvdCw0Y8gODAgODAgNSDQk9Ce0KHQoicsICd0cnVlX2VpJzogJycsICd0cnVlX3ZhbHVlJzogJzEuMDAwJ30=
труба 80 80 6 ст 10 18,eydudW1fbWF0JzogJzc2OTcxJywgJ25hbWVfbWF0JzogJ9Ci0YDRg9Cx0LAg0L/RgNC+0YTQuNC70YzQvdCw0Y8gODAgODAgNiDQk9Ce0KHQoicsICd0cnVlX2VpJzogJycsICd0cnVlX3ZhbHVlJzogJzEuMDAwJ30=
круг 16 ст 09 г 2 с 6,eydudW1fbWF0JzogJzk2MTg3JywgJ25hbWVfbWF0JzogJ9Ca0YDRg9CzIDE2IDYg0JwgMDkg0JMgMiDQoScsICd0cnVlX2VpJzogJ9Co0KInLCAndHJ1ZV92YWx1ZSc6ICcxLjAwMCd9
круг 40 ст 09 г 2 с 6,eydudW1fbWF0JzogJzk3NDU5JywgJ25hbWVfbWF0JzogJ9Ca0YDRg9CzIDQwIDYg0JwgMDkg0JMgMiDQoScsICd0cnVlX2VpJzogJ9Co0KInLCAndHJ1ZV92YWx1ZSc6ICcxLjAwMCd9
круг 50 ст 09 г 2 с 6,eydudW1fbWF0JzogJzEwMjg0MScsICduYW1lX21hdCc6ICfQmtGA0YPQsyA1MCA2INCcIDA5INCTIDIg0KEnLCAndHJ1ZV9laSc6ICfQqNCiJywgJ3RydWVfdmFsdWUnOiAnMS4wMDAnfQ==
лист 8 1.5 3.0,eydudW1fbWF0JzogJzE4NDQyJywgJ25hbWVfbWF0JzogJ9Cb0LjRgdGCINCTL9CaIDggMS41INCcIDMg0Jwg0KHQoiAzINCf0KEgNS/QodCfIDUgMTQ2MzcnLCAndHJ1ZV9laSc6ICfQqNCiJywgJ3RydWVfdmFsdWUnOiAnMS4wMDAnfQ==
лист 16 1.5 3.0,eydudW1fbWF0JzogJzE2Nzk3JywgJ25hbWVfbWF0JzogJ9Cb0LXQvdGC0LAg0YUv0LogMS41IDI2MSAwOCDQn9ChL9Ch0J8nLCAndHJ1ZV9laSc6ICfQqNCiJywgJ3RydWVfdmFsdWUnOiAnNS4wMDAnfQ==
лист 6 1.5 3.0,eydudW1fbWF0JzogJzE4MjYwJywgJ25hbWVfbWF0JzogJ9Cb0LXQvdGC0LAg0L/QvtC70LjQvNC10YAgMC4zNSAyNzAg0J/QrSDQkiDQn9CbIFJBTCAzMDA1JywgJ3RydWVfZWknOiAn0KjQoicsICd0cnVlX3ZhbHVlJzogJzIuMDAwJ30=
уголок 40 40 18 п,eydudW1fbWF0JzogJzg4MDAnLCAnbmFtZV9tYXQnOiAn0JvQtdC90YLQsCDQsy/QuiA1Ljg1IDQ1NC44INCh0KIgMyDQn9ChIDUv0KHQnyA1JywgJ3RydWVfZWknOiAn0KjQoicsICd0cnVlX3ZhbHVlJzogJzIuMDAwJ30=
лист оцинкованнный 0.8,eydudW1fbWF0JzogJzIwMzE1JywgJ25hbWVfbWF0JzogJ9Cb0LjRgdGCINCe0KYgMC44IDEuMjUg0JwgMi41INCcIFpOIDE0MCDQndCQ0JfQnSAwMiAxNDkxOC0nLCAndHJ1ZV9laSc6ICfQqNCiJywgJ3RydWVfdmFsdWUnOiAnMTIuMDAwJ30=
планка у нас есть . но размер у нее другой . добавила 95 120 у нас ветровая такого размера в счете,eydudW1fbWF0JzogJzc0ODQ2JywgJ25hbWVfbWF0JzogJ9Cf0LvQsNC90LrQsCDQstC10YLRgNC+0LLQvtC5INC00L7RgdC60LggOTUgMTIwIDE1IDAuNSAzINCcINCh0KIg0J/QrSDQkiDQnycsICd0cnVlX2VpJzogJ9Co0KInLCAndHJ1ZV92YWx1ZSc6ICcxLjAwMCd9
сталь арматурная 8 а 500 с требуется к 06.03.2024 id позиции 7752285,eydudW1fbWF0JzogJzk1Njc1JywgJ25hbWVfbWF0JzogJ9CQ0YDQvNCw0YLRg9GA0LAgOCAxMS43INCcINCQIDUwMCDQoSAzNDAyOC0xNicsICd0cnVlX2VpJzogJ9CiJywgJ3RydWVfdmFsdWUnOiAnOS4wMDAnfQ==
сталь арматурная 12 а 500 с требуется к 06.03.2024 id позиции 7752286,eydudW1fbWF0JzogJzk1NjY0JywgJ25hbWVfbWF0JzogJ9CQ0YDQvNCw0YLRg9GA0LAgMTIgMTEuNyDQnCDQkCA1MDAg0KEgMzQwMjgtMTYnLCAndHJ1ZV9laSc6ICfQoicsICd0cnVlX3ZhbHVlJzogJzExLjAwMCd9
балка 45 б 1,eydudW1fbWF0JzogJzEwOTUnLCAnbmFtZV9tYXQnOiAn0JDRgNC80LDRgtGD0YDQsCDRgtC10YDQvCAxMiA2LjU1INCcINCQ0KIgODAwIDEwODg0LTk0JywgJ3RydWVfZWknOiAn0KjQoicsICd0cnVlX3ZhbHVlJzogJzUuMDAwJywgJ3NwZWNfbWF0JzogJ0ZhbHNlJ30=
уголок 50 50 5 12 .,eydudW1fbWF0JzogJzg4ODAnLCAnbmFtZV9tYXQnOiAn0JvQtdC90YLQsCDQsy/QuiAxLjc1IDE0My41INCh0KIgMyDQn9ChIDUv0KHQnyA1JywgJ3RydWVfZWknOiAn0KjQoicsICd0cnVlX3ZhbHVlJzogJzYuMDAwJywgJ3NwZWNfbWF0JzogJ0ZhbHNlJ30=
полоса 60 6 6 .,eydudW1fbWF0JzogJzEwOTU1NScsICduYW1lX21hdCc6ICfQn9C+0LvQvtGB0LAgNiA2MCAwOSDQkyAyINChIDEwMycsICd0cnVlX2VpJzogJycsICd0cnVlX3ZhbHVlJzogJzUuMDAwJywgJ3NwZWNfbWF0JzogJ0ZhbHNlJ30=
арматура а 500 с 10 15.03 a id позиции 310,eydudW1fbWF0JzogJzk1NjYzJywgJ25hbWVfbWF0JzogJ9CQ0YDQvNCw0YLRg9GA0LAgMTAgMTEuNyDQnCDQkCA1MDAg0KEgMzQwMjgtMTYnLCAndHJ1ZV9laSc6ICfQoicsICd0cnVlX3ZhbHVlJzogJzExLjAwMCcsICdzcGVjX21hdCc6ICdGYWxzZSd9
арматура а 500 с 12 15.03 a id позиции 311,eydudW1fbWF0JzogJzk1NjY0JywgJ25hbWVfbWF0JzogJ9CQ0YDQvNCw0YLRg9GA0LAgMTIgMTEuNyDQnCDQkCA1MDAg0KEgMzQwMjgtMTYnLCAndHJ1ZV9laSc6ICfQoicsICd0cnVlX3ZhbHVlJzogJzcuMzAwJywgJ3NwZWNfbWF0JzogJ0ZhbHNlJ30=
арматура а 500 с 25 15.03 a id позиции 312,eydudW1fbWF0JzogJzk1NjgzJywgJ25hbWVfbWF0JzogJ9CQ0YDQvNCw0YLRg9GA0LAgMjUgMTIg0Jwg0JAgNTAwINChIDM0MDI4LTE2JywgJ3RydWVfZWknOiAn0KInLCAndHJ1ZV92YWx1ZSc6ICcyLjAwMCcsICdzcGVjX21hdCc6ICdGYWxzZSd9
полоса стальная шириной 40 толщиной 4,eydudW1fbWF0JzogJzUxNTcnLCAnbmFtZV9tYXQnOiAn0JHQsNC70LrQsCDQndCb0JMgNDUg0KggMSAxMiDQnCDQoSAzNTUtMyA1NzgzNycsICd0cnVlX2VpJzogJ9CiJywgJ3RydWVfdmFsdWUnOiAnMC4xODcnLCAnc3BlY19tYXQnOiAnRmFsc2UnfQ==
сетка кладочная вр 1 ф 3 ячейка 50 50 1.5 кв доставка и разгрузка манипуляторами обязателен комплект документов о качестве id позиции 9584489,eydudW1fbWF0JzogJzExMDM5MycsICduYW1lX21hdCc6ICfQodC10YLQutCwINCw0YDQvNCw0YLRg9GA0L3QsNGPICjQvCAyKSAzINCS0KAgMSA1MCA1MCAwLjUxINCcIDEuNSDQnCcsICd0cnVlX2VpJzogJ9Co0KInLCAndHJ1ZV92YWx1ZSc6ICcxLjAwMCcsICdzcGVjX21hdCc6ICdGYWxzZSd9
арматура ф 8 а 500 длина прута 6.0 доставка и разгрузка манипуляторами обязателен комплект документов о качестве a id позиции 9584490,eydudW1fbWF0JzogJzk1Njk3JywgJ25hbWVfbWF0JzogJ9CQ0YDQvNCw0YLRg9GA0LAgOCA2INCcINCQIDUwMCDQoSAzNDAyOC0xNicsICd0cnVlX2VpJzogJ9Ca0JMnLCAndHJ1ZV92YWx1ZSc6ICcxNTAwLjAwMCcsICdzcGVjX21hdCc6ICdGYWxzZSd9
арматура ф 12 аiii длина прута 6.0 доставка и разгрузка манипуляторами обязателен комплект документов о качестве a id позиции 9584491,eydudW1fbWF0JzogJzE3NycsICduYW1lX21hdCc6ICfQmtCS0JDQlNCg0JDQoicsICd0cnVlX2VpJzogJ9Ca0JMnLCAndHJ1ZV92YWx1ZSc6ICcxNTAwLjAwMCcsICdzcGVjX21hdCc6ICdGYWxzZSd9
арматура ф 16 аiii длина прута 6.0 доставка и разгрузка манипуляторами обязателен комплект документов о качестве a id позиции 9584492,eydudW1fbWF0JzogJzI5MycsICduYW1lX21hdCc6ICfQkNGA0LzQsNGC0YPRgNCwIDE2IDExLjcg0Jwg0JAtSUlJIDI1INCTIDIg0KEgNTc4MS04MicsICd0cnVlX2VpJzogJ9Ca0JMnLCAndHJ1ZV92YWx1ZSc6ICczMDAuMDAwJywgJ3NwZWNfbWF0JzogJ0ZhbHNlJ30=
уголок 50 50 5 длина прута 6.0 доставка и разгрузка манипуляторами обязателен комплект документов о качестве id позиции 9584493,eydudW1fbWF0JzogJzg4ODInLCAnbmFtZV9tYXQnOiAn0JvQuNGB0YIg0J3Qm9CTIDE2IDEuOCDQnCA2LjUg0Jwg0KHQoCAwOSDQkyAyINChIDE5MjgxJywgJ3RydWVfZWknOiAn0JrQkycsICd0cnVlX3ZhbHVlJzogJzMwMC4wMDAnLCAnc3BlY19tYXQnOiAnRmFsc2UnfQ==
уголок 100 100 10 длина прута 6.0 доставка и разгрузка манипуляторами обязателен комплект документов о качестве id позиции 9584494,eydudW1fbWF0JzogJzgzNTQnLCAnbmFtZV9tYXQnOiAn0JrRgNGD0LMgOTUg0J3QldCc0JXQoCA2NSDQkycsICd0cnVlX2VpJzogJ9Ca0JMnLCAndHJ1ZV92YWx1ZSc6ICc3MDAuMDAwJywgJ3NwZWNfbWF0JzogJ0ZhbHNlJ30=
полоса 50 5 длина прута 6.0 доставка и разгрузка манипуляторами обязателен комплект документов о качестве id позиции 9584495,eydudW1fbWF0JzogJzUxODAnLCAnbmFtZV9tYXQnOiAn0JvQmNCh0KIg0KbQktCV0KLQndCe0JknLCAndHJ1ZV9laSc6ICfQmtCTJywgJ3RydWVfdmFsdWUnOiAnMTAwLjAwMCcsICdzcGVjX21hdCc6ICdGYWxzZSd9
арматура ф 12 а 500 длина прута 6.0 доставка и разгрузка манипуляторами обязателен комплект документов о качестве a id позиции 9584510,eydudW1fbWF0JzogJzk1NjY0JywgJ25hbWVfbWF0JzogJ9CQ0YDQvNCw0YLRg9GA0LAgMTIgMTEuNyDQnCDQkCA1MDAg0KEgMzQwMjgtMTYnLCAndHJ1ZV9laSc6ICfQmtCTJywgJ3RydWVfdmFsdWUnOiAnMjAwMC4wMDAnLCAnc3BlY19tYXQnOiAnRmFsc2UnfQ==
швеллер 20 у,eydudW1fbWF0JzogJzU5NjYnLCAnbmFtZV9tYXQnOiAn0JvQtdC90YLQsCDRhS/QuiAxLjAgOTg1IDA4INCf0KEv0KHQnycsICd0cnVlX2VpJzogJ9CiJywgJ3RydWVfdmFsdWUnOiAnMTcuMDAwJywgJ3NwZWNfbWF0JzogJ0ZhbHNlJ30=
швеллер 6.5 у,eydudW1fbWF0JzogJzk1MjgyJywgJ25hbWVfbWF0JzogJ9Co0LLQtdC70LvQtdGAIDYuNSDQoyAxMiDQnCDQodCiIDMg0J/QoS/QodCfIDgyNDAnLCAndHJ1ZV9laSc6ICfQoicsICd0cnVlX3ZhbHVlJzogJzExLjAwMCcsICdzcGVjX21hdCc6ICdGYWxzZSd9
арматура а 500 с 8 a id позиции 899,eydudW1fbWF0JzogJzk1Njc1JywgJ25hbWVfbWF0JzogJ9CQ0YDQvNCw0YLRg9GA0LAgOCAxMS43INCcINCQIDUwMCDQoSAzNDAyOC0xNicsICd0cnVlX2VpJzogJ9CiJywgJ3RydWVfdmFsdWUnOiAnMS43OTAnLCAnc3BlY19tYXQnOiAnRmFsc2UnfQ==
арматура а 500 с 10 a id позиции 900,eydudW1fbWF0JzogJzk1NjYzJywgJ25hbWVfbWF0JzogJ9CQ0YDQvNCw0YLRg9GA0LAgMTAgMTEuNyDQnCDQkCA1MDAg0KEgMzQwMjgtMTYnLCAndHJ1ZV9laSc6ICfQoicsICd0cnVlX3ZhbHVlJzogJzYuNTIwJywgJ3NwZWNfbWF0JzogJ0ZhbHNlJ30=
арматура а 500 с 12 a id позиции 901,eydudW1fbWF0JzogJzk1NjY0JywgJ25hbWVfbWF0JzogJ9CQ0YDQvNCw0YLRg9GA0LAgMTIgMTEuNyDQnCDQkCA1MDAg0KEgMzQwMjgtMTYnLCAndHJ1ZV9laSc6ICfQoicsICd0cnVlX3ZhbHVlJzogJzEyLjAwMCcsICdzcGVjX21hdCc6ICdGYWxzZSd9
арматура а 500 с 16 a id позиции 902,eydudW1fbWF0JzogJzk1NjY2JywgJ25hbWVfbWF0JzogJ9CQ0YDQvNCw0YLRg9GA0LAgMTYgMTEuNyDQnCDQkCA1MDAg0KEgMzQwMjgtMTYnLCAndHJ1ZV9laSc6ICfQoicsICd0cnVlX3ZhbHVlJzogJzAuNjkwJywgJ3NwZWNfbWF0JzogJ0ZhbHNlJ30=
балка 30 к 1 ст 3 по 12,eydudW1fbWF0JzogJzEyOTknLCAnbmFtZV9tYXQnOiAn0JHQsNC70LrQsCDQndCb0JMgMzAg0JogMSAxMiDQnCAwOSDQkyAyINChIDU3ODM3JywgJ3RydWVfZWknOiAn0KjQoicsICd0cnVlX3ZhbHVlJzogJzguMDAwJywgJ3NwZWNfbWF0JzogJ0ZhbHNlJ30=
швеллер гнутый 200 80 4 ст 3 336,eydudW1fbWF0JzogJzY0OTYnLCAnbmFtZV9tYXQnOiAn0K3Qu9C10LrRgtGA0L7QtNGLIDUg0J7Ql9ChLTQg0JjQm9Cs0JzQldCd0JjQoicsICd0cnVlX2VpJzogJ9CcJywgJ3RydWVfdmFsdWUnOiAnMzM2LjAwMCcsICdzcGVjX21hdCc6ICdGYWxzZSd9
швеллер гнутый 200 80 5 ст 3 48,eydudW1fbWF0JzogJzY0OTgnLCAnbmFtZV9tYXQnOiAn0K3Qu9C10LrRgtGA0L7QtNGLIDUg0J7Qmi00NiDQoNCj0KLQmNCbJywgJ3RydWVfZWknOiAn0JwnLCAndHJ1ZV92YWx1ZSc6ICc0OC4wMDAnLCAnc3BlY19tYXQnOiAnRmFsc2UnfQ==
лист плоский оц 01 бц 0.7,eydudW1fbWF0JzogJzIwMjE2JywgJ25hbWVfbWF0JzogJ9Cb0LjRgdGCINCe0KYgMC43IDEuMjUg0JwgMi41INCcIFpOIDEyMCAwOCDQn9ChL9Ch0J8gMTQ5MTgnLCAndHJ1ZV9laSc6ICfQqNCiJywgJ3RydWVfdmFsdWUnOiAnMS4wMDAnLCAnc3BlY19tYXQnOiAnRmFsc2UnfQ==
уголок 75 х 75 х 7 ст 3,eydudW1fbWF0JzogJzkwMTcnLCAnbmFtZV9tYXQnOiAn0LvQtdC90YLQsCDRhdC6IDEuNSA2MjUg0YHRgiAzINC/0YEv0YHQvycsICd0cnVlX2VpJzogJ9Co0KInLCAndHJ1ZV92YWx1ZSc6ICcxLjAwMCcsICdzcGVjX21hdCc6ICdGYWxzZSd9
уголок 80 х 80 х 7 ст 3,eydudW1fbWF0JzogJzkwNDAnLCAnbmFtZV9tYXQnOiAn0LHQsNC70LrQsCDQvdC70LMgMTIg0LEgMSAxMiDQvCAwOSDQsyAyINGBIDU3ODM3JywgJ3RydWVfZWknOiAn0KjQoicsICd0cnVlX3ZhbHVlJzogJzIuMDAwJywgJ3NwZWNfbWF0JzogJ0ZhbHNlJ30=
уголок 75 х 75 х 7 ст,eydudW1fbWF0JzogJzkwMTcnLCAnbmFtZV9tYXQnOiAn0LvQtdC90YLQsCDRhdC6IDEuNSA2MjUg0YHRgiAzINC/0YEv0YHQvycsICd0cnVlX2VpJzogJ9Co0KInLCAndHJ1ZV92YWx1ZSc6ICcxLjAwMCcsICdzcGVjX21hdCc6ICdGYWxzZSd9
уголок 80 х 80 х 7 ст,eydudW1fbWF0JzogJzkwNDAnLCAnbmFtZV9tYXQnOiAn0LHQsNC70LrQsCDQvdC70LMgMTIg0LEgMSAxMiDQvCAwOSDQsyAyINGBIDU3ODM3JywgJ3RydWVfZWknOiAn0KjQoicsICd0cnVlX3ZhbHVlJzogJzIuMDAwJywgJ3NwZWNfbWF0JzogJ0ZhbHNlJ30=
лист 25 1.5 0.5,eydudW1fbWF0JzogJzE3MjYzJywgJ25hbWVfbWF0JzogJ9C60YDRg9CzIDQ1INC90LXQvNC10YAgMzgg0YXQs9C9JywgJ3RydWVfZWknOiAn0KjQoicsICd0cnVlX3ZhbHVlJzogJzEuMDAwJywgJ3NwZWNfbWF0JzogJ0ZhbHNlJ30=
арматура а 0.5 с 12 id позиции 4050,eydudW1fbWF0JzogJzk1NjY0JywgJ25hbWVfbWF0JzogJ9Cw0YDQvNCw0YLRg9GA0LAgMTIgMTEuNyDQvCDQsCA1MDAg0YEgMzQwMjgtMTYnLCAndHJ1ZV9laSc6ICfQoicsICd0cnVlX3ZhbHVlJzogJzE2LjAwMCcsICdzcGVjX21hdCc6ICdGYWxzZSd9
арматура а 0.5 с 16 id позиции 4051,eydudW1fbWF0JzogJzk1NjY2JywgJ25hbWVfbWF0JzogJ9Cw0YDQvNCw0YLRg9GA0LAgMTYgMTEuNyDQvCDQsCA1MDAg0YEgMzQwMjgtMTYnLCAndHJ1ZV9laSc6ICfQoicsICd0cnVlX3ZhbHVlJzogJzQuMTAwJywgJ3NwZWNfbWF0JzogJ0ZhbHNlJ30=
сталь полосовая горячекатаная сечение4 х 50 120 id позиции 9673102,eydudW1fbWF0JzogJzUxNjInLCAnbmFtZV9tYXQnOiAn0LHQsNC70LrQsCDQvdC70LMgNTAg0YggMiAxMiDQvCDRgSAzNTUtMyA1NzgzNycsICd0cnVlX2VpJzogJ9CiJywgJ3RydWVfdmFsdWUnOiAnMC4yMjAnLCAnc3BlY19tYXQnOiAnRmFsc2UnfQ==
сталь полосовая горячекатаная сечение4 х 40 360 id позиции 9673103,eydudW1fbWF0JzogJzUxNTcnLCAnbmFtZV9tYXQnOiAn0LHQsNC70LrQsCDQvdC70LMgNDUg0YggMSAxMiDQvCDRgSAzNTUtMyA1NzgzNycsICd0cnVlX2VpJzogJ9CiJywgJ3RydWVfdmFsdWUnOiAnMC41MTAnLCAnc3BlY19tYXQnOiAnRmFsc2UnfQ==
уголок 5 х 50 х 50 l 2.0 8 id позиции 9673104,eydudW1fbWF0JzogJzg4ODInLCAnbmFtZV9tYXQnOiAn0LvQuNGB0YIg0L3Qu9CzIDE2IDEuOCDQvCA2LjUg0Lwg0YHRgCAwOSDQsyAyINGBIDE5MjgxJywgJ3RydWVfZWknOiAn0KInLCAndHJ1ZV92YWx1ZSc6ICcwLjA5NicsICdzcGVjX21hdCc6ICdGYWxzZSd9
круг стальной оц d 10 440 id позиции 9673106,eydudW1fbWF0JzogJzg0OTgwJywgJ25hbWVfbWF0JzogJ9C60YDRg9CzINC+0YYgMTAg0L3QtdC80LXRgCDRgdGCIDMg0L/RgS/RgdC/JywgJ3RydWVfZWknOiAn0KInLCAndHJ1ZV92YWx1ZSc6ICcwLjA5NicsICdzcGVjX21hdCc6ICdGYWxzZSd9
труба 0.1 х 0.1 х 4 2.,eydudW1fbWF0JzogJzkxMTYxJywgJ25hbWVfbWF0JzogJ9GC0YDRg9Cx0LAg0Y0v0YEg0L3QtdC60L7QvdC0JywgJ3RydWVfZWknOiAnJywgJ3RydWVfdmFsdWUnOiAnMTguMDAwJywgJ3NwZWNfbWF0JzogJ0ZhbHNlJ30=
труба 80 х 40 х 3 3.,eydudW1fbWF0JzogJzkxOTg1JywgJ25hbWVfbWF0JzogJ9GC0YDRg9Cx0LAg0L3QtdGA0LYg0L/RgNC+0YQgODAgNDAgMycsICd0cnVlX2VpJzogJycsICd0cnVlX3ZhbHVlJzogJzEwOC4wMDAnLCAnc3BlY19tYXQnOiAnRmFsc2UnfQ==
труба 60 х 40 х 3 4.,eydudW1fbWF0JzogJzk1NzU5JywgJ25hbWVfbWF0JzogJ9GC0YDRg9Cx0LAg0L3QtdGA0LYg0L/RgNC+0YQgNjAgNDAgMycsICd0cnVlX2VpJzogJycsICd0cnVlX3ZhbHVlJzogJzEzMi4wMDAnLCAnc3BlY19tYXQnOiAnRmFsc2UnfQ==
профиль сп 20 l 2.3 . 5. саморезы кровельные самосверлящиеся доставка в г екатеринбург ул совхозная 19,eydudW1fbWF0JzogJzYwNzg2JywgJ25hbWVfbWF0JzogJ9C/0YDQvtGE0LjQu9GMINCz0LrQuyDQv9C9IDIwIDE5IDAuNDUgMyDQvCcsICd0cnVlX2VpJzogJ9Co0KInLCAndHJ1ZV92YWx1ZSc6ICc1MDAuMDAwJywgJ3NwZWNfbWF0JzogJ0ZhbHNlJ30=
лист гк s 2 1.25 х 2.5,eydudW1fbWF0JzogJzE2OTc3JywgJ25hbWVfbWF0JzogJ9C70LXQvdGC0LAg0YXQuiAwLjggODc2LjUgMDgg0L/RgS/RgdC/JywgJ3RydWVfZWknOiAn0KjQoicsICd0cnVlX3ZhbHVlJzogJzE2Ny4wMDAnLCAnc3BlY19tYXQnOiAnRmFsc2UnfQ==
лист гк s 2.5 1.25 х 2.5,eydudW1fbWF0JzogJzE3MDI4JywgJ25hbWVfbWF0JzogJ9C70LjRgdGCINCz0LogMi41IDEuMjUg0LwgMi41INC8INGB0YIgMyDQv9GBIDUv0YHQvyA1IDE2NTIzJywgJ3RydWVfZWknOiAn0KjQoicsICd0cnVlX3ZhbHVlJzogJzEwMS4wMDAnLCAnc3BlY19tYXQnOiAnRmFsc2UnfQ==
уголок 63 х 6 12,eydudW1fbWF0JzogJzg5NDYnLCAnbmFtZV9tYXQnOiAn0LvQuNGB0YIg0L3Qu9CzIDE4IDEuODQg0LwgOC42NSDQvCDRgdGAIDA5INCzIDIg0YEgMTkyODEnLCAndHJ1ZV9laSc6ICfQqNCiJywgJ3RydWVfdmFsdWUnOiAnOTMuMDAwJywgJ3NwZWNfbWF0JzogJ0ZhbHNlJ30=
уголок 50 х 5 12,eydudW1fbWF0JzogJzg4ODInLCAnbmFtZV9tYXQnOiAn0LvQuNGB0YIg0L3Qu9CzIDE2IDEuOCDQvCA2LjUg0Lwg0YHRgCAwOSDQsyAyINGBIDE5MjgxJywgJ3RydWVfZWknOiAn0KjQoicsICd0cnVlX3ZhbHVlJzogJzEwLjAwMCcsICdzcGVjX21hdCc6ICdGYWxzZSd9
уголок 75 х 8 12,eydudW1fbWF0JzogJzg5OTcnLCAnbmFtZV9tYXQnOiAn0LHQsNC70LrQsCDQvdC70LMgNjAg0LEgMiA4LjUg0Lwg0YEgMzQ1IDU3ODM3JywgJ3RydWVfZWknOiAn0KjQoicsICd0cnVlX3ZhbHVlJzogJzEyLjAwMCcsICdzcGVjX21hdCc6ICdGYWxzZSd9
труба 0.1 х 50 х 4 12,eydudW1fbWF0JzogJzc5MTQnLCAnbmFtZV9tYXQnOiAn0LrRgNGD0LMgNDUg0L3QtdC80LXRgCDRgyA4INGDIDknLCAndHJ1ZV9laSc6ICfQnCcsICd0cnVlX3ZhbHVlJzogJzIyLjAwMCcsICdzcGVjX21hdCc6ICdGYWxzZSd9
лист хк 2.0 х 1250 х 2.5 19904 ст 3 380 0.2,eydudW1fbWF0JzogJzE2OTc3JywgJ25hbWVfbWF0JzogJ9C70LXQvdGC0LAg0YXQuiAwLjggODc2LjUgMDgg0L/RgS/RgdC/JywgJ3RydWVfZWknOiAn0KjQoicsICd0cnVlX3ZhbHVlJzogJzIwMC4wMDAnLCAnc3BlY19tYXQnOiAnRmFsc2UnfQ==
лист цинк 1 1250 2.5,eydudW1fbWF0JzogJzIwNDE0JywgJ25hbWVfbWF0JzogJ9C70LjRgdGCINC+0YYgMSDQvdC10LrQvtC90LQnLCAndHJ1ZV9laSc6ICfQutCzJywgJ3RydWVfdmFsdWUnOiA1MDAsICdzcGVjX21hdCc6ICdGYWxzZSd9
лист 0.7 мral 1014 2 1.25 и отдельный счёт на проф,eydudW1fbWF0JzogJzk2MjU5JywgJ25hbWVfbWF0JzogJ9C70LjRgdGCINC+0YYg0L/QvtC70LjQvNC10YAgMC40IDEuMjUg0Lwg0YDRg9C7IHpuIDQwINC/0Y0gcmFsIDUwMCcsICd0cnVlX2VpJzogJ9C60LMnLCAndHJ1ZV92YWx1ZSc6IDUwMCwgJ3NwZWNfbWF0JzogJ0ZhbHNlJ30=
лист с 8 синий 2 500 мпг,eydudW1fbWF0JzogJzU5NDgzJywgJ25hbWVfbWF0JzogJ9C70LjRgdGCINC/0L7Qu9C40LzQtdGAINC60LLQvCAwLjcg0L/RjSDQsiDQv9C7IHJhbCAxMDE0JywgJ3RydWVfZWknOiAn0LrQsycsICd0cnVlX3ZhbHVlJzogNTAwLCAnc3BlY19tYXQnOiAnRmFsc2UnfQ==
арматура а i ø 8 м104 п,eydudW1fbWF0JzogJzk1NjAyJywgJ25hbWVfbWF0JzogJ9Cw0YDQvNCw0YLRg9GA0LAgOCA2INC8INCwIDI0MCAzNDAyOCAxNicsICd0cnVlX2VpJzogJycsICd0cnVlX3ZhbHVlJzogJzEwNC4wMDAnLCAnc3BlY19tYXQnOiAnRmFsc2UnfQ==
труба профильная 100 100 4 мдлина 4,eydudW1fbWF0JzogJzc5MDMnLCAnbmFtZV9tYXQnOiAn0LvQtdC90YLQsCDQvtGGIDAuOTUgNjUnLCAndHJ1ZV9laSc6ICcnLCAndHJ1ZV92YWx1ZSc6ICc4LjAwMCcsICdzcGVjX21hdCc6ICdGYWxzZSd9
труба профильная 50 50 3 мдлина 12,eydudW1fbWF0JzogJzgxNzInLCAnbmFtZV9tYXQnOiAn0LvQuNGB0YIg0LPQuiA1MCAxLjUg0LwgNi4zINC8INGB0YAg0YHRgiAzINC/0YEgNSDRgdC/IDUgMTQ2MzcnLCAndHJ1ZV9laSc6ICcnLCAndHJ1ZV92YWx1ZSc6ICc2LjAwMCcsICdzcGVjX21hdCc6ICdGYWxzZSd9
труба профильная 50 50 3 мдлина 9,eydudW1fbWF0JzogJzg4MzM5JywgJ25hbWVfbWF0JzogJ9GC0YDRg9Cx0LAg0L/RgNC+0YTQuNC70YzQvdCw0Y8gNTAgNTAgMyDRgtGDJywgJ3RydWVfZWknOiAnJywgJ3RydWVfdmFsdWUnOiAnMTcuMDAwJywgJ3NwZWNfbWF0JzogJ0ZhbHNlJ30=
лист 4 1.5 3.0,eydudW1fbWF0JzogJzE3NzI3JywgJ25hbWVfbWF0JzogJ9C70LjRgdGCINCz0LogNCAxLjUg0LwgMyDQvCDRgdGCIDMg0L/RgSA1INGB0L8gNSAxNDYzNycsICd0cnVlX2VpJzogJycsICd0cnVlX3ZhbHVlJzogJzEuMDAwJywgJ3NwZWNfbWF0JzogJ0ZhbHNlJ30=
труба эс 273 8,eydudW1fbWF0JzogJzc3NzQnLCAnbmFtZV9tYXQnOiAn0LrQvtC90YLRgNCz0LDQudC60LAgMTUg0LTRgycsICd0cnVlX2VpJzogJ9CiJywgJ3RydWVfdmFsdWUnOiAnMC42MjQnLCAnc3BlY19tYXQnOiAnRmFsc2UnfQ==
лист 25 09 г 2 с 12,eydudW1fbWF0JzogJzE5MTA2JywgJ25hbWVfbWF0JzogJ9C70LXQvdGC0LAg0LPQuiAxLjggMjM0Ljkg0YHRgiAzINC/0YEgNSDRgdC/IDUnLCAndHJ1ZV9laSc6ICfQoicsICd0cnVlX3ZhbHVlJzogJzEuNzY2JywgJ3NwZWNfbWF0JzogJ0ZhbHNlJ30=
лист 20,eydudW1fbWF0JzogJzE3MDkxJywgJ25hbWVfbWF0JzogJ9C70LjRgdGCINCz0LogMjAgMS41INC8IDYg0Lwg0YHRgiAzINC/0YEgNSDRgdC/IDUgMTQ2MzcnLCAndHJ1ZV9laSc6ICfQoicsICd0cnVlX3ZhbHVlJzogJzIuODI2JywgJ3NwZWNfbWF0JzogJ0ZhbHNlJ30=
лист 10,eydudW1fbWF0JzogJzE2NDI4JywgJ25hbWVfbWF0JzogJ9C70LjRgdGCINCz0LogMTAgMS41INC8IDYg0Lwg0YHRgiAzINC/0YEgNSDRgdC/IDUgMTQ2MzcnLCAndHJ1ZV9laSc6ICfQoicsICd0cnVlX3ZhbHVlJzogJzAuNzA2JywgJ3NwZWNfbWF0JzogJ0ZhbHNlJ30=
круг ф 25 а 1,eydudW1fbWF0JzogJzE5MTAnLCAnbmFtZV9tYXQnOiAn0LrRgNGD0LMgMTAwINC90LXQvNC10YAgNDAg0YXQvSAyINC80LAnLCAndHJ1ZV9laSc6ICfQoicsICd0cnVlX3ZhbHVlJzogJzAuNTAwJywgJ3NwZWNfbWF0JzogJ0ZhbHNlJ30=
арматура ф 20 а 1,eydudW1fbWF0JzogJzk1NjEzJywgJ25hbWVfbWF0JzogJ9Cw0YDQvNCw0YLRg9GA0LAgMjAgMTEuNyDQvCDQsCAyNDAgMzQwMjggMTYnLCAndHJ1ZV9laSc6ICcnLCAndHJ1ZV92YWx1ZSc6ICcwLjMwMCcsICdzcGVjX21hdCc6ICdGYWxzZSd9
труба проф 50 25 2,eydudW1fbWF0JzogJzgxNTQnLCAnbmFtZV9tYXQnOiAn0LvQtdC90YLQsCDQvtGGIDAuMyAxNjEnLCAndHJ1ZV9laSc6ICfQoicsICd0cnVlX3ZhbHVlJzogJzAuNDM5JywgJ3NwZWNfbWF0JzogJ0ZhbHNlJ30=
труба проф 60 30 2,eydudW1fbWF0JzogJzgxNzknLCAnbmFtZV9tYXQnOiAn0LvQuNGB0YIg0LPQuiA1MCAxLjUg0Lwg0YQgMSAzMCDRhdCz0YHQsCAxMTI2OScsICd0cnVlX2VpJzogJ9CiJywgJ3RydWVfdmFsdWUnOiAnMC4wMzInLCAnc3BlY19tYXQnOiAnRmFsc2UnfQ==
труба вгп 20 2.8,eydudW1fbWF0JzogJzcyMzcnLCAnbmFtZV9tYXQnOiAn0LvQtdC90YLQsCDQvdC10YDQttCw0LLQtdGO0YnQsNGPIDEuMCAxMDAgMTIg0YUgMTgg0L0gOScsICd0cnVlX2VpJzogJ9CiJywgJ3RydWVfdmFsdWUnOiAnMC4wNDAnLCAnc3BlY19tYXQnOiAnRmFsc2UnfQ==
швеллер 12 п,eydudW1fbWF0JzogJzU4MzInLCAnbmFtZV9tYXQnOiAn0LvQtdC90YLQsCDQv9C+0LvQuNC80LXRgCAwLjQ1IDIwMiDQv9GNIHJhbCA3MDA0JywgJ3RydWVfZWknOiAn0KInLCAndHJ1ZV92YWx1ZSc6ICcwLjUwNCcsICdzcGVjX21hdCc6ICdGYWxzZSd9
швеллер 18 п,eydudW1fbWF0JzogJzU5MDknLCAnbmFtZV9tYXQnOiAn0LvQtdC90YLQsCDQvtGGIDAuNSA3NjAnLCAndHJ1ZV9laSc6ICfQoicsICd0cnVlX3ZhbHVlJzogJzAuMTk3JywgJ3NwZWNfbWF0JzogJ0ZhbHNlJ30=
уголок стальной 50 50 5 l 6,eydudW1fbWF0JzogJzkwMDcnLCAnbmFtZV9tYXQnOiAn0LvQuNGB0YIg0LPQuiAxMiAxLjg0INC8IDYg0Lwg0YHRgCDRgdGCIDMg0L/RgSA1INGB0L8gNSAxNDYzNycsICd0cnVlX2VpJzogJ9Co0KInLCAndHJ1ZV92YWx1ZSc6ICcxNC4wMDAnLCAnc3BlY19tYXQnOiAnRmFsc2UnfQ==
труба 140 140 5,eydudW1fbWF0JzogJzc5NTQnLCAnbmFtZV9tYXQnOiAn0LvQuNGB0YIg0LPQuiA1IDAuNzUg0LwgMS41INC8INGB0YAg0YHRgiAzINC/0YEgNSDRgdC/IDUgMTQ2MzcnLCAndHJ1ZV9laSc6ICcnLCAndHJ1ZV92YWx1ZSc6ICc4LjAwMCcsICdzcGVjX21hdCc6ICdGYWxzZSd9
уголок гк 125 80 8 с 245 гост 8509 93 в,eydudW1fbWF0JzogJzg1MjAnLCAnbmFtZV9tYXQnOiAn0LvQuNGB0YIg0LPQuiA4IDIg0LwgNi44INC8INGB0YAg0YHRgiAzINC/0YEgNSDRgdC/IDUgMTQ2MzcnLCAndHJ1ZV9laSc6ICfQqNCiJywgJ3RydWVfdmFsdWUnOiAnMy41MDAnLCAnc3BlY19tYXQnOiAnRmFsc2UnfQ==
труба эс 273 8 со снятой фаской,eydudW1fbWF0JzogJzc3NzQnLCAnbmFtZV9tYXQnOiAn0LrQvtC90YLRgNCz0LDQudC60LAgMTUg0LTRgycsICd0cnVlX2VpJzogJycsICd0cnVlX3ZhbHVlJzogJzEuMDAwJywgJ3NwZWNfbWF0JzogJ0ZhbHNlJ30=
арматура 10 а 240,eydudW1fbWF0JzogJzk1NjA4JywgJ25hbWVfbWF0JzogJ9Cw0YDQvNCw0YLRg9GA0LAgMTAgMTEuNyDQvCDQsCAyNDAgMzQwMjggMTYnLCAndHJ1ZV9laSc6ICcnLCAndHJ1ZV92YWx1ZSc6ICc2LjM0MicsICdzcGVjX21hdCc6ICdGYWxzZSd9
арматура 10 а 240,eydudW1fbWF0JzogJzk1NjA4JywgJ25hbWVfbWF0JzogJ9Cw0YDQvNCw0YLRg9GA0LAgMTAgMTEuNyDQvCDQsCAyNDAgMzQwMjggMTYnLCAndHJ1ZV9laSc6ICcnLCAndHJ1ZV92YWx1ZSc6ICcxLjM1MCcsICdzcGVjX21hdCc6ICdGYWxzZSd9
труба 8 сталь .5 ст3,eydudW1fbWF0JzogJzc1MzknLCAnbmFtZV9tYXQnOiAnNzUzOScsICd0cnVlX2VpJzogJ3N0cicsICd0cnVlX3ZhbHVlJzogMCwgJ3NwZWNfbWF0JzogJ0ZhbHNlJ30=
лист оц 0.5 пакет пвл 408,eydudW1fbWF0JzogJzU5NjMzJywgJ25hbWVfbWF0JzogJ9C70LjRgdGCINC/0LLQuyA0MDgg0L/QsiAyINGB0YIgMyDQv9GBIDUg0YHQvyA1JywgJ3RydWVfZWknOiAn0KInLCAndHJ1ZV92YWx1ZSc6ICczLjAwMCcsICdzcGVjX21hdCc6ICdGYWxzZSd9
сетка кл 3 100 100 1 2,eydudW1fbWF0JzogJzk5MDY0JywgJ25hbWVfbWF0JzogJ9GB0LXRgtC60LAg0LDRgNC80LDRgtGD0YDQvdCw0Y8gINC8IDIgIDUg0LLRgCAxIDEwMCAxMDAgMiDQvCAzINC8INGIIDInLCAndHJ1ZV9laSc6ICfQqNCiJywgJ3RydWVfdmFsdWUnOiAnNTAwLjAwMCcsICdzcGVjX21hdCc6ICdGYWxzZSd9
уголок 125 125 8,eydudW1fbWF0JzogJzg0ODInLCAnbmFtZV9tYXQnOiAn0LvQtdC90YLQsCDQvtGGIDEuOSAzMjgnLCAndHJ1ZV9laSc6ICfQoicsICd0cnVlX3ZhbHVlJzogJzMuMDAwJywgJ3NwZWNfbWF0JzogJ0ZhbHNlJ30=
лист 14 мс 345,eydudW1fbWF0JzogJzE2NzAxJywgJ25hbWVfbWF0JzogJ9C70LjRgdGCINCz0LogMTQgMS41INC8IDYg0Lwg0YHRgiAzINC/0YEgNSDRgdC/IDUgMTQ2MzcnLCAndHJ1ZV9laSc6ICfQqNCiJywgJ3RydWVfdmFsdWUnOiAnNC4wMDAnLCAnc3BlY19tYXQnOiAnRmFsc2UnfQ==
лист 10 мс 345,eydudW1fbWF0JzogJzE2NDI4JywgJ25hbWVfbWF0JzogJ9C70LjRgdGCINCz0LogMTAgMS41INC8IDYg0Lwg0YHRgiAzINC/0YEgNSDRgdC/IDUgMTQ2MzcnLCAndHJ1ZV9laSc6ICfQqNCiJywgJ3RydWVfdmFsdWUnOiAnMS4wMDAnLCAnc3BlY19tYXQnOiAnRmFsc2UnfQ==
уголок 90 8 ст3,eydudW1fbWF0JzogJzkwODUnLCAnbmFtZV9tYXQnOiAn0LvQtdC90YLQsCDQvtGGIDAuNTUgMzk2JywgJ3RydWVfZWknOiAn0JrQkycsICd0cnVlX3ZhbHVlJzogJzc2MC4wMDAnLCAnc3BlY19tYXQnOiAnRmFsc2UnfQ==
уголок 140 9 ст3,eydudW1fbWF0JzogJzg1NjYnLCAnbmFtZV9tYXQnOiAn0LvQuNGB0YIg0LPQuiA5IDEuNSDQvCA2INC8INC80L7RgNGB0Log0YDQtdCzINGA0YHQtCAzMiA1NTIxJywgJ3RydWVfZWknOiAn0KInLCAndHJ1ZV92YWx1ZSc6ICcxLjQwMCcsICdzcGVjX21hdCc6ICdGYWxzZSd9
швеллер 16 у ст3,eydudW1fbWF0JzogJzU4OTQnLCAnbmFtZV9tYXQnOiAn0LvQtdC90YLQsCDRhdC6IDAuOSA2MCAwOCDQv9GBINGB0L8nLCAndHJ1ZV9laSc6ICfQoicsICd0cnVlX3ZhbHVlJzogJzIuNjAwJywgJ3NwZWNfbWF0JzogJ0ZhbHNlJ30=
балка 25 ш 1 с 245,eydudW1fbWF0JzogJzg2MScsICduYW1lX21hdCc6ICfQsNGA0LzQsNGC0YPRgNCwIDEyIDYuMzcg0Lwg0LAgODAwIDM0MDI4IDE2JywgJ3RydWVfZWknOiAn0KjQoicsICd0cnVlX3ZhbHVlJzogJzEuMDAwJywgJ3NwZWNfbWF0JzogJ0ZhbHNlJ30=
проволока пружинная 60 с 2 а ф 2 мгост 14963 78,eydudW1fbWF0JzogJzEwNzE1OScsICduYW1lX21hdCc6ICfQv9GA0L7QstC+0LvQvtC60LAgZCAxLjQg0LHRg9GF0YLQsCDRhSAxNSDQvSA2MCcsICd0cnVlX2VpJzogJ9Ca0JMnLCAndHJ1ZV92YWx1ZSc6ICczLjAwMCcsICdzcGVjX21hdCc6ICdGYWxzZSd9
проволока пружинная 60 с 2 а ф 1 мгост 14963 78,eydudW1fbWF0JzogJzEwNzE1OScsICduYW1lX21hdCc6ICfQv9GA0L7QstC+0LvQvtC60LAgZCAxLjQg0LHRg9GF0YLQsCDRhSAxNSDQvSA2MCcsICd0cnVlX2VpJzogJ9Ca0JMnLCAndHJ1ZV92YWx1ZSc6ICcyLjAwMCcsICdzcGVjX21hdCc6ICdGYWxzZSd9
проволока пружинная 60 с 2 а ф 0.8 мгост 14963 78,eydudW1fbWF0JzogJzEwNzE1OScsICduYW1lX21hdCc6ICfQv9GA0L7QstC+0LvQvtC60LAgZCAxLjQg0LHRg9GF0YLQsCDRhSAxNSDQvSA2MCcsICd0cnVlX2VpJzogJ9Ca0JMnLCAndHJ1ZV92YWx1ZSc6ICc1LjAwMCcsICdzcGVjX21hdCc6ICdGYWxzZSd9
арматура 12 а iii гост 34028 2016 25 г 2 с l 12 гост 34028 2016,eydudW1fbWF0JzogJzE3NycsICduYW1lX21hdCc6ICfQsNGA0LzQsNGC0YPRgNCwIDEyIDExLjcg0Lwg0LAgaWlpIDI1INCzIDIg0YEgNTc4MSA4MicsICd0cnVlX2VpJzogJ9CiJywgJ3RydWVfdmFsdWUnOiAnNS4wMDAnLCAnc3BlY19tYXQnOiAnRmFsc2UnfQ==
арматура 14 а iii гост 34028 2016 25 г 2 с l 12 гост 34028 2016,eydudW1fbWF0JzogJzIzNCcsICduYW1lX21hdCc6ICfQsNGA0LzQsNGC0YPRgNCwIDE0IDExLjcg0Lwg0LAgaWlpIDI1INCzIDIg0YEgNTc4MSA4MicsICd0cnVlX2VpJzogJ9CiJywgJ3RydWVfdmFsdWUnOiAnNS4wMDAnLCAnc3BlY19tYXQnOiAnRmFsc2UnfQ==
арматура 14 а 1 гост 5781 82 стзсп l 12 мгост 5781 82,eydudW1fbWF0JzogJzgxOTIyJywgJ25hbWVfbWF0JzogJ9Cw0YDQvNCw0YLRg9GA0LAgMTQgMTIg0Lwg0LAgaSDRgdGCIDMg0L/RgSDRgdC/IDU3ODEgODInLCAndHJ1ZV9laSc6ICfQoicsICd0cnVlX3ZhbHVlJzogJzEuMDAwJywgJ3NwZWNfbWF0JzogJ0ZhbHNlJ30=
арматура 16 а 1 гост 5781 82 стзсп l 12 мгост 5781 82,eydudW1fbWF0JzogJzc4MDEzJywgJ25hbWVfbWF0JzogJ9Cw0YDQvNCw0YLRg9GA0LAgMTYgMTIg0Lwg0LAgaSDRgdGCIDMg0L/RgSDRgdC/IDU3ODEgODInLCAndHJ1ZV9laSc6ICfQoicsICd0cnVlX3ZhbHVlJzogJzEuMDAwJywgJ3NwZWNfbWF0JzogJ0ZhbHNlJ30=
швеллер 40 ст 09 г 2 с гост 8240 97,eydudW1fbWF0JzogJzEwMjA3MycsICduYW1lX21hdCc6ICfRiNCy0LXQu9C70LXRgCDQvdC70LMgNDAg0L8gMTIg0LwgMDkg0LMgMiDRgSA4MjQwJywgJ3RydWVfZWknOiAn0KInLCAndHJ1ZV92YWx1ZSc6ICc2LjY5OScsICdzcGVjX21hdCc6ICdGYWxzZSd9
швеллер 27 у гост 8240 97 ст3,eydudW1fbWF0JzogJzYwNTMnLCAnbmFtZV9tYXQnOiAn0LvQtdC90YLQsCDQvtGGIDEuMCA0NzUnLCAndHJ1ZV9laSc6ICfQoicsICd0cnVlX3ZhbHVlJzogJzEuMjU2JywgJ3NwZWNfbWF0JzogJ0ZhbHNlJ30=
арматура 18 а 500 с,eydudW1fbWF0JzogJzk1NjY3JywgJ25hbWVfbWF0JzogJ9Cw0YDQvNCw0YLRg9GA0LAgMTggMTEuNyDQvCDQsCA1MDAg0YEgMzQwMjggMTYnLCAndHJ1ZV9laSc6ICfQoicsICd0cnVlX3ZhbHVlJzogJzE1LjAwMCcsICdzcGVjX21hdCc6ICdGYWxzZSd9
арматура 10 а 1,eydudW1fbWF0JzogJzk1NjA4JywgJ25hbWVfbWF0JzogJ9Cw0YDQvNCw0YLRg9GA0LAgMTAgMTEuNyDQvCDQsCAyNDAgMzQwMjggMTYnLCAndHJ1ZV9laSc6ICcnLCAndHJ1ZV92YWx1ZSc6ICcxLjAwMCcsICdzcGVjX21hdCc6ICdGYWxzZSd9
проволока 5 вр 1 в бухтах,eydudW1fbWF0JzogJzU0NzcnLCAnbmFtZV9tYXQnOiAn0LvQtdC90YLQsCDQv9C+0LvQuNC80LXRgCAxLjEgMTA5INC/0Y0gcmFsIDEwMTUnLCAndHJ1ZV9laSc6ICcnLCAndHJ1ZV92YWx1ZSc6ICczLjAwMCcsICdzcGVjX21hdCc6ICdGYWxzZSd9
проволока 5 вр в бухтах тяга подвеса 500 м100,eydudW1fbWF0JzogJzEwNzM2NScsICduYW1lX21hdCc6ICfQv9GA0L7QstC+0LvQvtC60LAgZCAyLjcg0LHRg9GF0YLQsCDQstGAIDEnLCAndHJ1ZV9laSc6ICcnLCAndHJ1ZV92YWx1ZSc6ICcxMDAuMDAwJywgJ3NwZWNfbWF0JzogJ0ZhbHNlJ30=
профиль пп 60 270.6 3.0 1224576,eydudW1fbWF0JzogJzExMTM3NycsICduYW1lX21hdCc6ICfQv9GA0L7RhNC40LvRjCDQs9C60Lsg0L/QvyA2MCAyNyAwLjYgMyDQvCDRjSAxMTgg0L/RjScsICd0cnVlX2VpJzogJycsICd0cnVlX3ZhbHVlJzogJzEuMDAwJywgJ3NwZWNfbWF0JzogJ0ZhbHNlJ30=
профиль пп 60 270.45 3.0 1224576,eydudW1fbWF0JzogJzYwODkxJywgJ25hbWVfbWF0JzogJ9C/0YDQvtGE0LjQu9GMINCz0LrQuyDQv9C/IDYwIDI3IDAuNDUgMyDQvCDRjSAxMTgnLCAndHJ1ZV9laSc6ICcnLCAndHJ1ZV92YWx1ZSc6ICcxLjAwMCcsICdzcGVjX21hdCc6ICdGYWxzZSd9
лист гк 4.0 1.5 1,eydudW1fbWF0JzogJzE3NzI3JywgJ25hbWVfbWF0JzogJ9C70LjRgdGCINCz0LogNCAxLjUg0LwgMyDQvCDRgdGCIDMg0L/RgSA1INGB0L8gNSAxNDYzNycsICd0cnVlX2VpJzogJycsICd0cnVlX3ZhbHVlJzogJzYwMDAuMDAwJywgJ3NwZWNfbWF0JzogJ0ZhbHNlJ30=
сталь 09 г 2 с,eydudW1fbWF0JzogJzU2NTMxJywgJ25hbWVfbWF0JzogJ2cg0L/Qu9Cw0L3QutCwINCw0LrQstCw0YHQuNGB0YIgMiDQvCDRgdGC0LDQu9GMIHJyIDIwJywgJ3RydWVfZWknOiAn0KjQoicsICd0cnVlX3ZhbHVlJzogJzEuMDAwJywgJ3NwZWNfbWF0JzogJ0ZhbHNlJ30=
сталь 09 г 2 с,eydudW1fbWF0JzogJzU2NTMxJywgJ25hbWVfbWF0JzogJ2cg0L/Qu9Cw0L3QutCwINCw0LrQstCw0YHQuNGB0YIgMiDQvCDRgdGC0LDQu9GMIHJyIDIwJywgJ3RydWVfZWknOiAn0KjQoicsICd0cnVlX3ZhbHVlJzogJzIuMDAwJywgJ3NwZWNfbWF0JzogJ0ZhbHNlJ30=
лист рифл 3 1.25 2.5,eydudW1fbWF0JzogJzIzMjQwJywgJ25hbWVfbWF0JzogJ9C70LjRgdGCINGA0LjRhNC7IDMgMS4yNSDQvCAyLjUg0Lwg0YfQtdGH0LXQsiDRgdGAINGB0YIgMyDQv9GBINGB0L8gODUnLCAndHJ1ZV9laSc6ICfQqNCiJywgJ3RydWVfdmFsdWUnOiAnMS4wMDAnLCAnc3BlY19tYXQnOiAnRmFsc2UnfQ==
лист s 4.0 1.5 6.0 ст 3 можно другой раскрой 18 мкв,eydudW1fbWF0JzogJzE3NzQzJywgJ25hbWVfbWF0JzogJ9C70LjRgdGCINCz0LogNCAxLjUg0LwgNiDQvCDRgdGCIDMg0L/RgSA1INGB0L8gNSAxNDYzNycsICd0cnVlX2VpJzogJ9Co0KInLCAndHJ1ZV92YWx1ZSc6ICcyLjAwMCcsICdzcGVjX21hdCc6ICdGYWxzZSd9
уголок 50 50 5 11.7 длина 6 пог 60 ст3,eydudW1fbWF0JzogJzg4ODInLCAnbmFtZV9tYXQnOiAn0LvQuNGB0YIg0L3Qu9CzIDE2IDEuOCDQvCA2LjUg0Lwg0YHRgCAwOSDQsyAyINGBIDE5MjgxJywgJ3RydWVfZWknOiAnJywgJ3RydWVfdmFsdWUnOiAnMTIuMDAwJywgJ3NwZWNfbWF0JzogJ0ZhbHNlJ30=
уголок 75 6 дл 12 не менее пог 10 ст3пссп5,eydudW1fbWF0JzogJzkwMDcnLCAnbmFtZV9tYXQnOiAn0LvQuNGB0YIg0LPQuiAxMiAxLjg0INC8IDYg0Lwg0YHRgCDRgdGCIDMg0L/RgSA1INGB0L8gNSAxNDYzNycsICd0cnVlX2VpJzogJycsICd0cnVlX3ZhbHVlJzogJzk2LjAwMCcsICdzcGVjX21hdCc6ICdGYWxzZSd9
труба 20 20 1.5 6.0 1736 х 6 6 в кол ве,eydudW1fbWF0JzogJzgwMzAnLCAnbmFtZV9tYXQnOiAn0LvQtdC90YLQsCDQvtGGIDAuOSA3NicsICd0cnVlX2VpJzogJ9CiJywgJ3RydWVfdmFsdWUnOiAnOC43NjcnLCAnc3BlY19tYXQnOiAnRmFsc2UnfQ==
труба 40 20 1.5 6.0 434 х 6 в кол ве,eydudW1fbWF0JzogJzgxMTYnLCAnbmFtZV9tYXQnOiAn0LvQuNGB0YIg0LPQuiA1IDEuNSDQvCDRhCAxINGB0YIgMjAgMTU3NycsICd0cnVlX2VpJzogJ9CiJywgJ3RydWVfdmFsdWUnOiAnMy40NzInLCAnc3BlY19tYXQnOiAnRmFsc2UnfQ==
труба 60 60 3.0 12.0 55 х 12 в колве 3.493.,eydudW1fbWF0JzogJzg1NDg3JywgJ25hbWVfbWF0JzogJ9GC0YDRg9Cx0LAg0L/RgNC+0YTQuNC70YzQvdCw0Y8gNjAgNjAgMyDQs9C+0YHRgicsICd0cnVlX2VpJzogJ9CiJywgJ3RydWVfdmFsdWUnOiAnMy40OTMnLCAnc3BlY19tYXQnOiAnRmFsc2UnfQ==
труба проф 40 20 2 700,eydudW1fbWF0JzogJzk2NjE5JywgJ25hbWVfbWF0JzogJ9GC0YDRg9Cx0LAg0L3QtdGA0LYg0L/RgNC+0YQgNDAgMjAgMicsICd0cnVlX2VpJzogJycsICd0cnVlX3ZhbHVlJzogJzcwMC4wMDAnLCAnc3BlY19tYXQnOiAnRmFsc2UnfQ==
лист 20 ст 3 1.5 6,eydudW1fbWF0JzogJzE3MTU0JywgJ25hbWVfbWF0JzogJ9C70LjRgdGCINCz0LogMjAgMiDQvCA2INC8INGB0YIgMjAgMTU3NycsICd0cnVlX2VpJzogJ9Co0KInLCAndHJ1ZV92YWx1ZSc6ICcxLjAwMCcsICdzcGVjX21hdCc6ICdGYWxzZSd9
лист гк 2 м1 пакет,eydudW1fbWF0JzogJzE2OTc3JywgJ25hbWVfbWF0JzogJ9C70LXQvdGC0LAg0YXQuiAwLjggODc2LjUgMDgg0L/RgSDRgdC/JywgJ3RydWVfZWknOiAnJywgJ3RydWVfdmFsdWUnOiAnMS4wMDAnLCAnc3BlY19tYXQnOiAnRmFsc2UnfQ==
лист оц 0.5 1 пакет,eydudW1fbWF0JzogJzEwNTk2MicsICduYW1lX21hdCc6ICfQu9C40YHRgiDQvtGGIDAuNSAxLjI1INC8IDIuNSDQvCB6biAxNDAg0YHRgtCw0L0gMTIwMCAwOCDQv9GBICcsICd0cnVlX2VpJzogJycsICd0cnVlX3ZhbHVlJzogJzEuMDAwJywgJ3NwZWNfbWF0JzogJ0ZhbHNlJ30=
труба 100 100 6,eydudW1fbWF0JzogJzc5MDgnLCAnbmFtZV9tYXQnOiAn0LvQtdC90YLQsCDQvtGGIDAuNTUgMzk2JywgJ3RydWVfZWknOiAnJywgJ3RydWVfdmFsdWUnOiAnMS4wMDAnLCAnc3BlY19tYXQnOiAnRmFsc2UnfQ==
профнастил оц с 8 0.45 1.2 2 100,eydudW1fbWF0JzogJzYxNDQyJywgJ25hbWVfbWF0JzogJ9C/0YDQvtGE0L3QsNGB0YLQuNC7INC+0YYg0YEgOCAwLjQ1IDExNTAgMTIwMCcsICd0cnVlX2VpJzogJycsICd0cnVlX3ZhbHVlJzogJzEuMDAwJywgJ3NwZWNfbWF0JzogJ0ZhbHNlJ30=
лист плоский рал 5015 толщина 0.7 90 2,eydudW1fbWF0JzogJzkyNTkxJywgJ25hbWVfbWF0JzogJ9C70LjRgdGCINC/0L7Qu9C40LzQtdGAINC60LLQvCAwLjcg0L/RjSByYWwgNTAxNScsICd0cnVlX2VpJzogJycsICd0cnVlX3ZhbHVlJzogJzEuMDAwJywgJ3NwZWNfbWF0JzogJ0ZhbHNlJ30=
лист 6 м4 тонны,eydudW1fbWF0JzogJzE4Mjc4JywgJ25hbWVfbWF0JzogJ9C70LjRgdGCINCz0LogNiAxLjUg0LwgNiDQvCDRgdGCIDMg0L/RgSA1INGB0L8gNSAxNDYzNycsICd0cnVlX2VpJzogJycsICd0cnVlX3ZhbHVlJzogJzEuMDAwJywgJ3NwZWNfbWF0JzogJ0ZhbHNlJ30=
лист 8 м4 тонны,eydudW1fbWF0JzogJzE4NDU5JywgJ25hbWVfbWF0JzogJ9C70LjRgdGCINCz0LogOCAxLjUg0LwgNiDQvCDRgdGCIDMg0L/RgSA1INGB0L8gNSAxNDYzNycsICd0cnVlX2VpJzogJycsICd0cnVlX3ZhbHVlJzogJzEuMDAwJywgJ3NwZWNfbWF0JzogJ0ZhbHNlJ30=
сталь круглая гладкая 20 м1.5 тонны,eydudW1fbWF0JzogJzk1NjY4JywgJ25hbWVfbWF0JzogJ9Cw0YDQvNCw0YLRg9GA0LAgMjAgMTEuNyDQvCDQsCA1MDAg0YEgMzQwMjggMTYnLCAndHJ1ZV9laSc6ICcnLCAndHJ1ZV92YWx1ZSc6ICcxLjAwMCcsICdzcGVjX21hdCc6ICdGYWxzZSd9
лист рифлёный 8 мпроизводство ммк 5 тонн,eydudW1fbWF0JzogJzEwNDkzNycsICduYW1lX21hdCc6ICfQu9C40YHRgiDRgNC40YTQuyA4IDEuNSDQvCA2INC8INGA0L7QvNCxINGB0YIgMyDQv9GBINGB0L8gODU2OCDRgicsICd0cnVlX2VpJzogJycsICd0cnVlX3ZhbHVlJzogJzEuMDAwJywgJ3NwZWNfbWF0JzogJ0ZhbHNlJ30=
труба 120 120 6.0,eydudW1fbWF0JzogJzc5MzMnLCAnbmFtZV9tYXQnOiAn0LvQuNGB0YIg0LPQuiA0NSAxLjUg0LwgNS4yINC8INGB0YAg0YHRgiAzINC/0YEgNSDRgdC/IDUgMTQ2MzcnLCAndHJ1ZV9laSc6ICcnLCAndHJ1ZV92YWx1ZSc6ICcxLjAwMCcsICdzcGVjX21hdCc6ICdGYWxzZSd9
труба 80 80 4.0,eydudW1fbWF0JzogJzgyMzYnLCAnbmFtZV9tYXQnOiAn0LHQsNC70LrQsCDRgdCy0LDRgNC90LDRjyDQvdC70LMgNTAg0LEgMSAwOSDQsyAyINGBJywgJ3RydWVfZWknOiAnJywgJ3RydWVfdmFsdWUnOiAnMS4wMDAnLCAnc3BlY19tYXQnOiAnRmFsc2UnfQ==
труба 80 40 4.0,eydudW1fbWF0JzogJzgyMjEnLCAnbmFtZV9tYXQnOiAn0LvQtdC90YLQsCDQs9C6IDUuMCA1MTQg0YHRgiAzINC/0YEgNSDRgdC/IDUnLCAndHJ1ZV9laSc6ICcnLCAndHJ1ZV92YWx1ZSc6ICcxLjAwMCcsICdzcGVjX21hdCc6ICdGYWxzZSd9
труба 60 40 3.0,eydudW1fbWF0JzogJzgxOTEnLCAnbmFtZV9tYXQnOiAn0LrRgNGD0LMgMTAwINC90LXQvNC10YAgNDAg0YXQvSAyINC80LAnLCAndHJ1ZV9laSc6ICcnLCAndHJ1ZV92YWx1ZSc6ICcxLjAwMCcsICdzcGVjX21hdCc6ICdGYWxzZSd9
уголок 100 100 6.0,eydudW1fbWF0JzogJzc5MDgnLCAnbmFtZV9tYXQnOiAn0LvQtdC90YLQsCDQvtGGIDAuNTUgMzk2JywgJ3RydWVfZWknOiAnJywgJ3RydWVfdmFsdWUnOiAnMS4wMDAnLCAnc3BlY19tYXQnOiAnRmFsc2UnfQ==
лист нгл 5 09 г 2 с,eydudW1fbWF0JzogJzc5MjI3JywgJ25hbWVfbWF0JzogJ9C70LjRgdGCINC90LvQsyA1IDEuNSDQvCA2INC8IDA5INCzIDIg0YEgMTUgMTkyODEnLCAndHJ1ZV9laSc6ICcnLCAndHJ1ZV92YWx1ZSc6ICcxLjAwMCcsICdzcGVjX21hdCc6ICdGYWxzZSd9
лист s 5.0 1.5 6.0,eydudW1fbWF0JzogJzE4MDk4JywgJ25hbWVfbWF0JzogJ9C70LjRgdGCINCz0LogMS43NSAxLjIwNiDQvCDRgNGD0Lsg0YHRgiAzINC/0YEgNSDRgdC/IDUg0YLRgycsICd0cnVlX2VpJzogJycsICd0cnVlX3ZhbHVlJzogJzEuMDAwJywgJ3NwZWNfbWF0JzogJ0ZhbHNlJ30=
лист нгл 6 09 г 2 с,eydudW1fbWF0JzogJzE5NTQ2JywgJ25hbWVfbWF0JzogJ9C70LjRgdGCINC90LvQsyA2IDIg0LwgNiDQvCAwOSDQsyAyINGBIDE5MjgxJywgJ3RydWVfZWknOiAn0KjQoicsICd0cnVlX3ZhbHVlJzogJzEuMDAwJywgJ3NwZWNfbWF0JzogJ0ZhbHNlJ30=
лист s 6.0 1.5 6.0,eydudW1fbWF0JzogJzIwNzMzJywgJ25hbWVfbWF0JzogJ9C70LjRgdGCINC+0YYgMS41INC90LXQutC+0L3QtCcsICd0cnVlX2VpJzogJycsICd0cnVlX3ZhbHVlJzogJzEuMDAwJywgJ3NwZWNfbWF0JzogJ0ZhbHNlJ30=
лист рифленая 4 ст 3 пс,eydudW1fbWF0JzogJzIzMjgzJywgJ25hbWVfbWF0JzogJ9C70LjRgdGCINGA0LjRhNC7IDQgMS41INC8IDYg0Lwg0YfQtdGH0LXQsiDRgdGCIDMg0L/RgSDRgdC/IDg1NjgnLCAndHJ1ZV9laSc6ICcnLCAndHJ1ZV92YWx1ZSc6ICcxLjAwMCcsICdzcGVjX21hdCc6ICdGYWxzZSd9
швеллер 8 ст 3 пог 24,eydudW1fbWF0JzogJzYxMzgnLCAnbmFtZV9tYXQnOiAn0LvQtdC90YLQsCDRhdC6IDEuNSAxODAg0L3QtdC60L7QvdC0JywgJ3RydWVfZWknOiAn0KjQoicsICd0cnVlX3ZhbHVlJzogJzEuMDAwJywgJ3NwZWNfbWF0JzogJ0ZhbHNlJ30=
швеллер 16 п ст 3 пог 24,eydudW1fbWF0JzogJzU4ODInLCAnbmFtZV9tYXQnOiAn0LvQtdC90YLQsCDQvtGGIDAuMzMgMTIzJywgJ3RydWVfZWknOiAn0KjQoicsICd0cnVlX3ZhbHVlJzogJzEuMDAwJywgJ3NwZWNfbWF0JzogJ0ZhbHNlJ30=
уголок 40 40 40 40 3 4 ст 3 пог 6,eydudW1fbWF0JzogJzEwNDAyNScsICduYW1lX21hdCc6ICfRg9Cz0L7Qu9C+0LogNDAgNDAgMyAxMiDQvCDRgdGCIDMg0L/RgSA1INGB0L8gNSA4NTA5JywgJ3RydWVfZWknOiAn0KjQoicsICd0cnVlX3ZhbHVlJzogJzEuMDAwJywgJ3NwZWNfbWF0JzogJ0ZhbHNlJ30=
лист 5 1.5 6.0,eydudW1fbWF0JzogJzEwNDkwNScsICduYW1lX21hdCc6ICfQu9C40YHRgiDQs9C6IDUgMS41INC8IDYg0Lwg0YHRgiAzINC/0YEgNSDRgdC/IDUgMTQ2Mzcg0YInLCAndHJ1ZV9laSc6ICfQqNCiJywgJ3RydWVfdmFsdWUnOiAnNC4wMDAnLCAnc3BlY19tYXQnOiAnRmFsc2UnfQ==
лист 6 1.5 6.0,eydudW1fbWF0JzogJzE4MjYwJywgJ25hbWVfbWF0JzogJ9C70LXQvdGC0LAg0L/QvtC70LjQvNC10YAgMC4zNSAyNzAg0L/RjSDQsiDQv9C7IHJhbCAzMDA1JywgJ3RydWVfZWknOiAn0KjQoicsICd0cnVlX3ZhbHVlJzogJzQuMDAwJywgJ3NwZWNfbWF0JzogJ0ZhbHNlJ30=
лист 10 1.5 6.0,eydudW1fbWF0JzogJzEwNDkxMCcsICduYW1lX21hdCc6ICfQu9C40YHRgiDQs9C6IDEwIDEuNSDQvCA2INC8INGB0YIgMyDQv9GBIDUg0YHQvyA1IDE0NjM3INGCJywgJ3RydWVfZWknOiAn0KjQoicsICd0cnVlX3ZhbHVlJzogJzIuMDAwJywgJ3NwZWNfbWF0JzogJ0ZhbHNlJ30=
лист 12 1.5 6.0,eydudW1fbWF0JzogJzEwNDkxMicsICduYW1lX21hdCc6ICfQu9C40YHRgiDQs9C6IDEyIDEuNSDQvCA2INC8INGB0YIgMyDQv9GBIDUg0YHQvyA1IDE0NjM3INGCJywgJ3RydWVfZWknOiAn0KjQoicsICd0cnVlX3ZhbHVlJzogJzIuMDAwJywgJ3NwZWNfbWF0JzogJ0ZhbHNlJ30=
лист 20 1.5 6.0,eydudW1fbWF0JzogJzE3MTA3JywgJ25hbWVfbWF0JzogJ9C70LjRgdGCINCz0LogMjAgMS41INC8INGEIDEgMjAg0LogNTUyMCcsICd0cnVlX2VpJzogJycsICd0cnVlX3ZhbHVlJzogJzEuMDAwJywgJ3NwZWNfbWF0JzogJ0ZhbHNlJ30=
уголок 100 100 8,eydudW1fbWF0JzogJzgzOTAnLCAnbmFtZV9tYXQnOiAn0LrRgNGD0LMgMzIwINC90LXQvNC10YAgMjAg0YXQvSAzINCwJywgJ3RydWVfZWknOiAn0KInLCAndHJ1ZV92YWx1ZSc6ICcyLjAwMCcsICdzcGVjX21hdCc6ICdGYWxzZSd9
шестигранник катанка прутки 3 6,eydudW1fbWF0JzogJzU0ODYnLCAnbmFtZV9tYXQnOiAn0LvQtdC90YLQsCDQvtGGIDEuMiA2NicsICd0cnVlX2VpJzogJ9Ca0JMnLCAndHJ1ZV92YWx1ZSc6ICc1MDAuMDAwJywgJ3NwZWNfbWF0JzogJ0ZhbHNlJ30=
шестигранник катанка в листе 3,eydudW1fbWF0JzogJzU0ODYnLCAnbmFtZV9tYXQnOiAn0LvQtdC90YLQsCDQvtGGIDEuMiA2NicsICd0cnVlX2VpJzogJ9Ca0JMnLCAndHJ1ZV92YWx1ZSc6ICc1MC4wMDAnLCAnc3BlY19tYXQnOiAnRmFsc2UnfQ==
проволока,eydudW1fbWF0JzogJzEwNzk4OCcsICduYW1lX21hdCc6ICfQv9GA0L7QstC+0LvQvtC60LAgZCAwLjkgJywgJ3RydWVfZWknOiAnJywgJ3RydWVfdmFsdWUnOiAnNTAuMDAwJywgJ3NwZWNfbWF0JzogJ0ZhbHNlJ30=
арматура 10 а 3 1.5 тонны,eydudW1fbWF0JzogJzk2MTA1JywgJ25hbWVfbWF0JzogJ9Cw0YDQvNCw0YLRg9GA0LAgMTAgNiDQvCDQsCA1MDAg0YEgMzQwMjggMTYnLCAndHJ1ZV9laSc6ICfQqNCiJywgJ3RydWVfdmFsdWUnOiAnMS4wMDAnLCAnc3BlY19tYXQnOiAnRmFsc2UnfQ==
труба 60 40 4 по 6 для имлайт лайттехник,eydudW1fbWF0JzogJzg2NTAzJywgJ25hbWVfbWF0JzogJ9GC0YDRg9Cx0LAg0L/RgNC+0YTQuNC70YzQvdCw0Y8gNjAgNDAgNCDQvdC10LrQvtC90LQnLCAndHJ1ZV9laSc6ICcnLCAndHJ1ZV92YWx1ZSc6ICczLjAwMCcsICdzcGVjX21hdCc6ICdGYWxzZSd9
арматура а 240 6 секция 1.1 стены подвала 15.05.24 утроid позиции 5444,eydudW1fbWF0JzogJzkzMTk2JywgJ25hbWVfbWF0JzogJ9Cw0YDQvNCw0YLRg9GA0LAg0L7RhiAxNiA2INC8INCwIGkg0YHRgiAzINC/0YHRgdC/IDU3ODEgODInLCAndHJ1ZV9laSc6ICfQoicsICd0cnVlX3ZhbHVlJzogJzAuNjgwJywgJ3NwZWNfbWF0JzogJ0ZhbHNlJ30=
арматура а 500 с 8 секция 1.1 стены подвала 15.05.24 утроid позиции 5445,eydudW1fbWF0JzogJzExNjM4MycsICduYW1lX21hdCc6ICfQsNGA0LzQsNGC0YPRgNCwIDE2INC90LXQvNC10YAg0LAgNTAwINGBIDM0MDI4IDE2JywgJ3RydWVfZWknOiAn0KInLCAndHJ1ZV92YWx1ZSc6ICcxLjUwMCcsICdzcGVjX21hdCc6ICdGYWxzZSd9
арматура а 500 с 12 16.5 секция 1.1 стены подвала 6.5 секция 1.2 фп 1 поставка 15.05.24 утроid позиции 5446,eydudW1fbWF0JzogJzEwMzA3OCcsICduYW1lX21hdCc6ICfQsNGA0LzQsNGC0YPRgNCwIDEyINC90LXQvNC10YAg0LAgNTAwINGBIDM0MDI4IDE2JywgJ3RydWVfZWknOiAn0KInLCAndHJ1ZV92YWx1ZSc6ICcxMC4wMDAnLCAnc3BlY19tYXQnOiAnRmFsc2UnfQ==
арматура а 500 с 16 секция 1.2 фп 1 поставка 15.05.24 id позиции 5447,eydudW1fbWF0JzogJzExODMwOScsICduYW1lX21hdCc6ICfQsNGA0LzQsNGC0YPRgNCwIDE4IDExLjcg0Lwg0LAgNTAwINGB0LUgMzQwMjggMTYnLCAndHJ1ZV9laSc6ICfQoicsICd0cnVlX3ZhbHVlJzogJzEuMTUwJywgJ3NwZWNfbWF0JzogJ0ZhbHNlJ30=
лист 6 09г2с 1.5 3,eydudW1fbWF0JzogJzk4NzQxJywgJ25hbWVfbWF0JzogJ9C70LjRgdGCINC90LvQsyA2IDEuNSAzIDA50LMy0YEgMTUgMTkyODEg0YQnLCAndHJ1ZV9laSc6ICcnLCAndHJ1ZV92YWx1ZSc6ICc3LjAwMCcsICdzcGVjX21hdCc6ICdGYWxzZSd9
лист 20 09г2с 1.5 6,eydudW1fbWF0JzogJzE4OTk2JywgJ25hbWVfbWF0JzogJ9C70LjRgdGCINC90LvQsyAyMCAxLjUgNiAwOdCzMtGBIDE5MjgxJywgJ3RydWVfZWknOiAnJywgJ3RydWVfdmFsdWUnOiAnMS4wMDAnLCAnc3BlY19tYXQnOiAnRmFsc2UnfQ==
труба 100 100,eydudW1fbWF0JzogJzc5MDgnLCAnbmFtZV9tYXQnOiAn0LvQtdC90YLQsCDQvtGGIDAuNTUgMzk2JywgJ3RydWVfZWknOiAnJywgJ3RydWVfdmFsdWUnOiAnMTEwLjAwMCcsICdzcGVjX21hdCc6ICdGYWxzZSd9
уголок 45й,eydudW1fbWF0JzogJzg4MjgnLCAnbmFtZV9tYXQnOiAn0LvQtdC90YLQsCDQvtGGIDIuMCA1Ny42JywgJ3RydWVfZWknOiAnJywgJ3RydWVfdmFsdWUnOiAnNTAuMDAwJywgJ3NwZWNfbWF0JzogJ0ZhbHNlJ30=
труба 50 50,eydudW1fbWF0JzogJzgxNzAnLCAnbmFtZV9tYXQnOiAn0LvQtdC90YLQsCDQvtGGIDAuNjUgMTM3INC90LXQutC+0L3QtNC40YbQuNGPJywgJ3RydWVfZWknOiAnJywgJ3RydWVfdmFsdWUnOiAnMTAuMDAwJywgJ3NwZWNfbWF0JzogJ0ZhbHNlJ30=
профиль 160 160 5 размер 3.6 мм 5,eydudW1fbWF0JzogJzc5OTQnLCAnbmFtZV9tYXQnOiAn0LvQtdC90YLQsCDQvtGGIDAuNyAyMjUnLCAndHJ1ZV9laSc6ICcnLCAndHJ1ZV92YWx1ZSc6ICc1LjAwMCcsICdzcGVjX21hdCc6ICdGYWxzZSd9
профиль 160 1.6 5 размер 3.0 мм,eydudW1fbWF0JzogJzc5OTQnLCAnbmFtZV9tYXQnOiAn0LvQtdC90YLQsCDQvtGGIDAuNyAyMjUnLCAndHJ1ZV9laSc6ICcnLCAndHJ1ZV92YWx1ZSc6ICc1LjAwMCcsICdzcGVjX21hdCc6ICdGYWxzZSd9
профиль 120 120 5 размер 3.4 мм,eydudW1fbWF0JzogJzc5MzEnLCAnbmFtZV9tYXQnOiAn0LvQuNGB0YIg0LPQuiA0NSDRhDIg0YHRgjPQv9GB0YHQvyAxNDYzNycsICd0cnVlX2VpJzogJycsICd0cnVlX3ZhbHVlJzogJzMuMDAwJywgJ3NwZWNfbWF0JzogJ0ZhbHNlJ30=
профиль 60 60 3 размер 2.0 мм,eydudW1fbWF0JzogJzg1NDg3JywgJ25hbWVfbWF0JzogJ9GC0YDRg9Cx0LAg0L/RgNC+0YTQuNC70YzQvdCw0Y8gNjAgNjAgMyA4NjM5MzAyNDUnLCAndHJ1ZV9laSc6ICcnLCAndHJ1ZV92YWx1ZSc6ICc4LjAwMCcsICdzcGVjX21hdCc6ICdGYWxzZSd9
уголок 75 75 6 размер 3.5 мм,eydudW1fbWF0JzogJzkwMDcnLCAnbmFtZV9tYXQnOiAn0LvQuNGB0YIg0LPQuiAxMiAxLjg0NtGB0L/QtdGG0YDQsNGB0LrRgNC+0LkgIDE0NjM3INGEINGB0YIz0L/RgTXRgdC/NScsICd0cnVlX2VpJzogJycsICd0cnVlX3ZhbHVlJzogJzkuMDAwJywgJ3NwZWNfbWF0JzogJ0ZhbHNlJ30=
уголок 50 50 5 размер 3.5,eydudW1fbWF0JzogJzg4ODInLCAnbmFtZV9tYXQnOiAn0LvQuNGB0YIg0L3Qu9CzIDE2IDEuODYuNdGB0L/QtdGG0YDQsNGB0LrRgNC+0LkgMDnQszLRgSAxOTI4MScsICd0cnVlX2VpJzogJycsICd0cnVlX3ZhbHVlJzogJzYuMDAwJywgJ3NwZWNfbWF0JzogJ0ZhbHNlJ30=
балка двухтавр 35 б1 длиной 3.4 мм 10,eydudW1fbWF0JzogJzk1MScsICduYW1lX21hdCc6ICfQsNGA0LzQsNGC0YPRgNCwINGC0LXRgDEyIDEy0LDRgjEwMDAgMTA4ODQgOTQnLCAndHJ1ZV9laSc6ICcnLCAndHJ1ZV92YWx1ZSc6ICcxMC4wMDAnLCAnc3BlY19tYXQnOiAnRmFsc2UnfQ==
швеллер 18 длиной 4.3 10,eydudW1fbWF0JzogJzU5MjInLCAnbmFtZV9tYXQnOiAn0LvQtdC90YLQsCDRhdC6IDEuMCAyNzkgMDjQv9GB0YHQvycsICd0cnVlX2VpJzogJ9Co0KInLCAndHJ1ZV92YWx1ZSc6ICcxMC4wMDAnLCAnc3BlY19tYXQnOiAnRmFsc2UnfQ==
швеллер 18 длиной 4.1 10,eydudW1fbWF0JzogJzU5MjInLCAnbmFtZV9tYXQnOiAn0LvQtdC90YLQsCDRhdC6IDEuMCAyNzkgMDjQv9GB0YHQvycsICd0cnVlX2VpJzogJ9Co0KInLCAndHJ1ZV92YWx1ZSc6ICcxMC4wMDAnLCAnc3BlY19tYXQnOiAnRmFsc2UnfQ==
лист 20 1.0 2.5,eydudW1fbWF0JzogJzE3MDkxJywgJ25hbWVfbWF0JzogJ9C70LjRgdGCINCz0LogMjAgMS41NtGB0YIz0L/RgTXRgdC/NSAxNDYzNycsICd0cnVlX2VpJzogJ9Co0KInLCAndHJ1ZV92YWx1ZSc6ICcxLjAwMCcsICdzcGVjX21hdCc6ICdGYWxzZSd9
лист 10 1.0 1.0,eydudW1fbWF0JzogJzE2NDI4JywgJ25hbWVfbWF0JzogJ9C70LjRgdGCINCz0LogMTAgMS41NtGB0YIz0L/RgTXRgdC/NSAxNDYzNyDRhCcsICd0cnVlX2VpJzogJ9Co0KInLCAndHJ1ZV92YWx1ZSc6ICcxLjAwMCcsICdzcGVjX21hdCc6ICdGYWxzZSd9
лист 6 1.0 2.0,eydudW1fbWF0JzogJzE4NDU5JywgJ25hbWVfbWF0JzogJ9C70LjRgdGCINCz0LogOCAxLjU20YHRgjPQv9GBNdGB0L81IDE0NjM3INGEJywgJ3RydWVfZWknOiAn0KjQoicsICd0cnVlX3ZhbHVlJzogJzEuMDAwJywgJ3NwZWNfbWF0JzogJ0ZhbHNlJ30=
арматура ф 6 длинной 3.0 мм 80,eydudW1fbWF0JzogJzk1Njk2JywgJ25hbWVfbWF0JzogJ9Cw0YDQvNCw0YLRg9GA0LAgNiA20LA1MDAg0YEgMzQwMjggMTYnLCAndHJ1ZV9laSc6ICfQqNCiJywgJ3RydWVfdmFsdWUnOiAnODAuMDAwJywgJ3NwZWNfbWF0JzogJ0ZhbHNlJ30=
арматура ф 10 длинной 3.0 мм 200,eydudW1fbWF0JzogJzk1NjYzJywgJ25hbWVfbWF0JzogJ9Cw0YDQvNCw0YLRg9GA0LAgMTAgMTEuN9CwNTAwINGBIDM0MDI4IDE2JywgJ3RydWVfZWknOiAn0KjQoicsICd0cnVlX3ZhbHVlJzogJzIwMC4wMDAnLCAnc3BlY19tYXQnOiAnRmFsc2UnfQ==
арматура ф 12 длиной 3000мм 517,eydudW1fbWF0JzogJzk1NjY0JywgJ25hbWVfbWF0JzogJ9Cw0YDQvNCw0YLRg9GA0LAgMTIgMTEuN9CwNTAwINGBIDM0MDI4IDE2JywgJ3RydWVfZWknOiAn0KjQoicsICd0cnVlX3ZhbHVlJzogJzUxNy4wMDAnLCAnc3BlY19tYXQnOiAnRmFsc2UnfQ==
круг ф 20 длиной 3.0 мм 10,eydudW1fbWF0JzogJzk1NjEzJywgJ25hbWVfbWF0JzogJ9Cw0YDQvNCw0YLRg9GA0LAgMjAgMTEuN9CwMjQwIDM0MDI4IDE2JywgJ3RydWVfZWknOiAnJywgJ3RydWVfdmFsdWUnOiAnMTAuMDAwJywgJ3NwZWNfbWF0JzogJ0ZhbHNlJ30=
