,role,text
0,system,"Тебе будет предоставляться текст письма от клиента металургической компании на закупку некоторых материалов. Тебе нужно написать список материалов из этого письма, и в каком количестве каждый материал запрашивается. Твой ответ должен содержать только список позиций, на каждую позицию 3 параметра разделённые знаком '|' название материала в точности из письма (строка с полной информацией о материале), единица измерения запрашиваемого материала (строка) и количество запрашиваемого материала (число). Единица измерения не должна содержать знаки препинания и должна иметь длину не больше двух букв. Единицы измерения должны быть: (тн кг мп шт пд м2 м). В некоторых письмах встречаются сокращения материалов, надо написать такие названия полностью. Дробную и целую часть в числах разделяй только точкой, без пробелов. Если размеры в строке написаны без наименования материала, то они относятся к ранее написаному материалу."
1,user,"




ВНЕШНЯЯ ПОЧТА: Если отправитель неизвестен, не переходите по ссылкам, не отправляйте пароли, с осторожностью открывайте вложения.





Добрый день.
Счет на АО Стройтехнология
самовывоз





Труба стальная 159*4 (6метров)


2


шт




Труба  стальная электросварная d=133х4,5 мм. 6 метров  ГОСТ 10704-91


10


Шт.




Уголок  стальной 50х50х4 мм. ГОСТ 8509-93 (резка по 6м)


50


М.




Полоса  стальная 40х4


15


М.















Панченков Александр Сергеевич тел. 8-912-310-52-94





"
2,assistant,"Труба стальная 159*4 (6метров) 2 шт | шт | 2
Труба стальная электросварная d=133х4,5 мм. 6 метров  ГОСТ 10704-91 10 Шт | шт | 10
Уголок стальной 50х50х4 мм. ГОСТ 8509-93 (резка по 6м) 50 м | м | 50
Полоса стальная 40х4 15 м | м | 15
"
3,user,"ВНЕШНЯЯ ПОЧТА: Если отправитель неизвестен, не переходите по ссылкам, не отправляйте пароли, с осторожностью открывайте вложения.






Доброе утро!!!!!  Цена  и наличие:




Арматура ф16 А500С 12м  - 12,864тн
Арматура  ф12 А500С 12м  - 5,088тн

Арматура  ф6 А240С 12м  - 0,3тн

фиксатор  арматуры потолочная опора 6000шт

проволока  вязальная 1,2мм - 237кг



--

С уважением, логист компании ''''Кровельный Центр'''' Кайдалина Оксана Николаевна г. Красноярск тел. 89832664330 кровельныйцентр.рф/"
4,assistant,"Арматура ф16 А500С 12м 12,864тн | тн | 12.864
Арматура ф12 А500С 12м 5,088тн | тн | 5.088
Арматура  ф6 А240С 12м 0,3тн | тн |  0.3
Фиксатор арматуры потолочная опора 6000шт | шт | 6000
Проволока вязальная 1,2мм 237кг | кг | 237"
5,user,"

From: Артур Галеев <mp102@bk.ru>
Sent: Monday, September 11, 2023 8:57 AM
To: Петрова Анастасия Андреевна <petrova@spk.ru>
Subject: заявка

ВНЕШНЯЯ ПОЧТА: Если отправитель неизвестен, не переходите по ссылкам, не отправляйте пароли, с осторожностью открывайте вложения.




    Добрый день!


    Добрый день!
уголок ст3  90 90 7 5шт
               шв нут  140 60 4 12 21шт
шв гут 100 50 4 12 м 2 шт
 тр. проф 60 60 2 46шт
 60 40 2 4шт
60 40 3 47шт
40 40 2 2шт
40 20 2 6шт
20 20 2шт
 лист 3 1250 2500 50шт
лист рифл 4 чечевица 5шт
труба вгп 32*3,2 4шт

С уважением,
Директор ООО ''МегаПрофит''
Галеев Артур Шамилевич
Тел. 8(987) 102-03-70
Вацап, Телеграм 8(927) 236-25-29
Сайт: МЕГАПРОФИТ.РФ
Уважаемые коллеги и партнеры,
Наша Компания придерживается этических принципов ведения бизнеса и делает все для того, чтобы взаимоотношения с нашими партнерами строились на принципах открытости и прозрачности. Поэтому просим Вас сообщать нам обо всех негативных фактах во взаимоотношениях с нашей компанией по адресу doverie@scm.ru. Вся информация поступает в независимую службу внутреннего аудита.
Претензии по качеству обслуживания или товара принимаются на телефон горячей линии 8-800-7000-123. Звонки по России бесплатно
"
6,assistant,"
Уголок ст3 90x90x7 5шт | шт | 5
Швеллер гнутый 140x60x4 21шт | шт | 21
Швеллер гнутый 100x50x4 12 м 2 шт | шт | 2
Труба профильная 60x60x2 46шт | шт | 46
Труба профильная 60х40х2 4шт | шт  | 4
Труба профильная 60x40x3 47шт | шт | 47
Труба профильная 40x40x2 2шт | шт | 2
Труба профильная 40x20x2 6шт | шт | 6
Лист 3 1250x2500 50шт | шт | 50
Лист рифл 4 чечевица 5шт | шт | 5
Труба вгп 32x3,2 4шт | шт | 4
"
7,user,"

Добрый день!
№ П/П    Наименование      Количество           Единицы измерения
1              Проволока вязальная d=1,2мм         3461       кг
2              Труба 108х4,0 ГОСТ 8732-78 / 09Г2С 0,55         т
3              Лист t-4мм ГОСТ 19903-74 Сталь 345-3 по ГОСТ 27772-88            0,05         т
4              Швеллер 12П ГОСТ 8240-89 С345-3 по ГОСТ 27772-88  0,2           т
5              Швеллер 20П ГОСТ 8240-89 С345-3 по ГОСТ 27772-88  0,57         т
6              Пруток МД-8х9000-А240 ГОСТ 34028-2016      0,3           т
7              Лист стальной 20х1500х6000 ГОСТ 19903-2015 С345-3 ГОСТ 27772-88       0,3           т
8              Пруток 1ф-МД-10х12000-ОМ1-ОВ2-А400 ГОСТ 34028-2016          13,5         т
9              Пруток 1ф-МД-12х12000-ОМ1-ОВ2-А400 ГОСТ 34028-2016          110          т
10            Пруток 1ф-МД-18х12000-ОМ1-ОВ2-А400 ГОСТ 34028-2016          24,3         т
11            Пруток 1ф-МД-8х12000-ОМ1-ОВ2-А400 ГОСТ 34028-2016            0,22         т
12            Пруток 1ф-МД-16х12000-ОМ1-ОВ2-А400 ГОСТ 34028-2016          24,7         т
13            Лист стальной 12х1500х6000 ГОСТ 19903-2015 С345-6 ГОСТ 27772-88       1,11         т
14            Уголок стальной горячекатанный равнополочный L 50х5 ГОСТ 8509-93 / С345-6 ГОСТ 27772-88       0,16         т
15            Сталь угловая горячекатанная равнополочная 45х45х5 ГОСТ 8509-93 09Г2С ГОСТ 19281-89              0,21         т
16            Прокат листовой горячекатаный 6 мм С345-6 ГОСТ 19903-2015 0,12         т
17            Прокат листовой горячекатаный 5 мм С345-6 ГОСТ 19903-2015 0,19         т

С уважением ,
Кальченко Татьяна Владимировна
Менеджер по продажам
АО «Сталепромышленная компания»
E-mail: 6087@spk.ru
Тел./Факс: +7 (391)212-00-12  (доб. 6087)
Тел. моб.: +7-960-768-96-12\





Распродажа - https://krasnoyarsk.spk.ru/stocks/

Уважаемые коллеги и партнеры,
Наша Компания придерживается этических принципов ведения бизнеса и делает все для того, чтобы взаимоотношения с нашими партнерами строились на принципах открытости и прозрачности. Поэтому просим Вас сообщать нам обо всех негативных фактах во взаимоотношениях с нашей компанией по адресу doverie@scm.ru. Вся информация поступает в независимую службу внутреннего аудита.
Претензии по качеству обслуживания или товара принимаются на телефон горячей линии 8-800-7000-123. Звонки по России бесплатно
"
8,assistant,"Проволока вязальная d=1,2мм 3461 кг | кг | 3461
Труба 108х4,0 ГОСТ 8732-78 / 09Г2С 0,55 т | т | 0.55
Лист t-4мм ГОСТ 19903-74 Сталь 345-3 по ГОСТ 27772-88 0,05 т | т |  0.05
Швеллер 12П ГОСТ 8240-89 С345-3 по ГОСТ 27772-88  0,2 т | т | 0.2
Швеллер  20П ГОСТ 8240-89  С345-3  по ГОСТ 27772-88 0,57 т | т | 0.57
Пруток МД-8х9000-А240 ГОСТ 34028-2016 0,3 т | т | 0.3
Лист стальной 20х1500х6000 ГОСТ 19903-2015 С345-3 ГОСТ 27772-88 0,3 т | т | 0.3
Пруток 1ф-МД-10х12000-ОМ1-ОВ2-А400 ГОСТ 34028–2016 13,5 т | т | 13.5
Пруток 1ф-МД–12х12000–ОМ1–ОВ2–А400 ГОСТ 34028–2016 110.0 т | т | 110
Пруток 1ф–МД–18х12000–ОМ1–ОВ2–А400 ГОСТ 34028–2016 24,3 т | т | 24.3
Пруток 1ф–МД–8х1 2000–ОМ1–ОВ2–А400 ГОСТ 34028–2016 0,22 т | т | 0.22
Пруток 1ф–МД–16х1  2000–ОМ1–ОВ2–А400 ГОСТ 34028–2016 24,7 т | т | 24.7
Лист стальной 12х1500х6000 ГОСТ  19903–2015 С345–6 ГОСТ 27772–88 1,11 т | т | 1.11
Уголок стальной горячекатанный равнополочный L 50х5 ГОСТ 8509-93/С345–6 ГОСТ 27772–88 0,16 т | т | 0.16
Сталь угловая горячекатаная равнополочная 45х45х5  ГОСТ  8509–93 09Г2С  ГОСТ 19281–89 0,21 т | т | 0.21
Прокат листовой горячекатаный 6 мм С345–6 ГОСТ 19903–2015 0,12 т | т | 0.12
Прокат листовой горячекатаный 5 мм С345–6 ГОСТ 19903–2015 0,19 т | т | 0.19
"
9,user,"

-----Original Message-----
From: Некрасова Ирина [mailto:to3@metallprof.net]
Sent: Friday, September 8, 2023 3:31 PM
To: Кальченко Татьяна Владимировна <kalchenko@spk.ru>
Subject: добрый день, нужен счет

ВНЕШНЯЯ ПОЧТА: Если отправитель неизвестен, не переходите по ссылкам, не отправляйте пароли, с осторожностью открывайте вложения.





Лист плоский  оц 0,7:
1,370*1,25=62 шт
1,327*1,25=72 шт
512*1,25=72 шт
1,412*1,25=78 шт
1,350*1,25=84 шт

--
С уважением, ООО ''МЕТАЛЛПРОФ''
Кровельные и Фасадные Материалы
Некрасова Ирина Романовна
г.Красноярск, ул. Башиловская 3, офис 107 Тел.оф.  +7(391)2-883-883 Тел.сот. +7(953)5-881-883 http://www.metallprof24.ru

Уважаемые коллеги и партнеры,

Наша Компания придерживается этических принципов ведения бизнеса и делает все для того, чтобы взаимоотношения с нашими партнерами строились на принципах открытости и прозрачности. Поэтому просим Вас сообщать нам обо всех негативных фактах во взаимоотношениях с нашей компанией по адресу doverie@scm.ru<mailto:doverie@scm.ru>. Вся информация поступает в независимую службу внутреннего аудита.

Претензии по качеству обслуживания или товара принимаются на телефон горячей линии 8-800-7000-123. Звонки по России бесплатно

"
10,assistant,"Лист плоский оц 0.7 1.370 1.25 62 шт | шт | 62
Лист плоский оц 0.7 1.327 1.25 72 шт | шт | 72
Лист  плоский оц 0.7 512 1.25 72 шт | шт | 72
Лист плоский оц 0.7 1.412 1.25 78 шт | шт | 78
Лист плоский оц  0.7 1.350 1.25 84 шт | шт | 84
"
11,user,"

From: Деркач Иван [mailto:KMPDerkach@outlook.com]
Sent: Tuesday, September 5, 2023 10:23 AM
To: Кальченко Татьяна Владимировна <kalchenko@spk.ru>
Subject: Заказ

ВНЕШНЯЯ ПОЧТА: Если отправитель неизвестен, не переходите по ссылкам, не отправляйте пароли, с осторожностью открывайте вложения.


Добрый день!

Прошу выставить счёт.

Круг 16 ГОСТ 2590-2006 Ст3 ГОСТ 380-2005, L=6000 мм
кг
28,400
Круг 20 ГОСТ 2590-2006 Ст3пс2-св ГОСТ 380-2005, L=6000 мм
кг
	125,700
Круг 20 ГОСТ 2590-2006 Сталь 30Х13 ГОСТ 5949-75, L=6000 мм
кг
194,800
Круг 24 ГОСТ 2590-2006 Сталь 20Х13 ГОСТ 5949-2018, L=6000 мм
кг
	21,500
Лист Б-ПН-О-0,5х1250х2500 ГОСТ 19904-90 Сталь 12Х18Н10Т ГОСТ 5582-75
	кг
	99,300
Лист Б-ПН-О-1,5х1250х1920 ГОСТ 19904-90 Сталь 08пс ГОСТ 16523-97
	кг
  12547,200
Лист Б-ПН-О-10,0х1500х3000 ГОСТ 19903-2015 Cталь 12Х18Н10Т ГОСТ 7350-77
	кг
357,700
Лист Б-ПН-О-2,0х1250х2500 ГОСТ 19904-90 12Х18Н10Т ГОСТ 5582-75
	кг
	1142,800
Лист Б-ПН-О-3,0х1250х2500 ГОСТ 19904-90 Cmаль 08пс ГОСТ 16523-97
кг
	8389,600
Лист Б-ПН-О-3,0х1250х2500 ГОСТ 19904-90 Cталь 12Х18Н10Т ГОСТ 5582-75
	кг
	223,500
Лист Б-ПН-О-5,0х1500х3000 ГОСТ 19903-2015 Сталь 12Х18Н10Т ГОСТ 7350-77
	кг
	178,800
Лист Б-ПН-О-5,0х1500х3000 ГОСТ19903-2015 Ст3пс2-св ГОСТ 14637-89
	кг
	529,800





С уважением,
Деркач Иван
Менеджер по продажам
ООО ''Компания ''МАСТЕРПРОФ''
г. Красноярск, ул. Связистов д.30б
+7 913 538 89 47
Уважаемые коллеги и партнеры,
Наша Компания придерживается этических принципов ведения бизнеса и делает все для того, чтобы взаимоотношения с нашими партнерами строились на принципах открытости и прозрачности. Поэтому просим Вас сообщать нам обо всех негативных фактах во взаимоотношениях с нашей компанией по адресу doverie@scm.ru. Вся информация поступает в независимую службу внутреннего аудита.
Претензии по качеству обслуживания или товара принимаются на телефон горячей линии 8-800-7000-123. Звонки по России бесплатно
"
12,assistant,"Круг 16 ГОСТ 2590-2006 Ст3 ГОСТ 380-2005, L=6000 мм кг 28,400 | кг | 28.400
Круг 20 ГОСТ 2590-2006 Ст3пс2-св ГОСТ 380-2005 L=6000мм кг 125,700 | кг |  125.700
Круг 20 ГОСТ 2590–2006 Сталь 30Х13 ГОСТ 5949–75 L=6000мм кг 194,800 | кг | 194.800
Круг 24 ГОСТ 2590–2006 Сталь 20 Х13 ГОСТ 5949 – 2018 L =6000мм кг 21,500 | кг | 21.500
Лист Б-ПН-О 0,5х1250 2500 ГОСТ 19904–90 Сталь 12Х18Н10Т ГОСТ 5582–75 кг 99,300 | кг | 99.300
Лист Б-ПН–О 1,5 1250 1920 ГОСТ 19904–90 Сталь 08 пс ГОСТ 16523–97 кг 12547,200 | кг | 12547.200
Лист Б–ПН–О 10,0 1500 3000 ГОСТ 19903–2015 Cталь 12 Х18 Н10Т ГОСТ 7350 –7 7 кг 357,700 | кг | 357.700
Лист Б–ПН–О 2,0 1250 2500 ГОСТ 19904–9012 Х18Н10Т ГОСТ 5582–75 кг 1142,800 | кг | 1142.800
Лист Б-ПН-О 3,0 1250 2500 ГОСТ 19904-90 Cmаль  08 пс ГОСТ 16523-97 кг 8389,600 | кг | 8389.600
Лист Б-ПН-О 3,0 1250 2500 ГОСТ 19904–90 Cталь 12Х18Н10Т ГОСТ 5582–75 кг 223,500 | кг | 223.500
Лист Б-ПН-О 5,0 1500 3000 ГОСТ 19903–20 15 Сталь 12X18H10T ГОСT 7350–77 кг 178,800 | кг | 178.800
Лист Б-ПН-О 5,0 1500 3000 ГОСТ 19903–2015 Ст3пс2 - св ГОСТ 14637–89 кг 529,800 | кг | 529.800
"
13,user,"
From: Николай Тагильцев <nvt@alfteh.ru>
Sent: Monday, September 11, 2023 8:07 AM
To: Якимов Никита Сергеевич <yakimov@spk.ru>
Cc: ms-ekb84@mail.ru
Subject: Заказ на счет

ВНЕШНЯЯ ПОЧТА: Если отправитель неизвестен, не переходите по ссылкам, не отправляйте пароли, с осторожностью открывайте вложения.


Добрый день! Заказ на счет

В продолжение разговора с РП, направляю Вам перечень трубной продукции. Прошу предоставить КП
№ п/п	Наименование  продукции	Ед.  Изм.	Кол-во
1.	Трубы
	51,227
1.1.	ТРУБЫ эл/св ГОСТ 10704-91, ГОСТ 10705-80 Группа В, Ст20, 273 * 10, НК, ТМК-КПВ
	т
	6,900
1.2	ТРУБЫ эл/св ГОСТ 10704-91, ГОСТ 10705-80 Группа В, Ст20, 89 * 3.5 , НД, СТЗ
	т
	0,175
1.3	ТРУБЫ эл/св ГОСТ 10704-91, ГОСТ 10705-80 Группа В, Ст20, 76 * 3, НК, СТЗ
т
	0,945
1.4	ТРУБЫ эл/св ГОСТ 10704-91, ГОСТ 10705-80 Группа В, Ст20, 219 * 6 , НД, СТЗ
т
	8,600
1.5	ТРУБЫ эл/св ГОСТ 10704-91, ГОСТ 10705-80 Группа В, Ст20, 325 * 6 , НД, ТМК-КПВ
	т
	2,850
1.6	ТРУБЫ эл/св ГОСТ 10704-91, ГОСТ 10705-80 Группа В, Ст20, 108 * 4 , НД, СТЗ
	т
	1,160
1.7	ТРУБЫ эл/св ГОСТ 10704-91, ГОСТ 10705-80 Группа В, Ст20, 57 * 3 , НД, СТЗ
	т
	11,873
1.8	ТРУБЫ эл/св ГОСТ 10704-91, ГОСТ 10705-80 Группа В, Ст20, 159 * 4,5 , НК, СТЗ
т
	18,700
1.9	Труба б/ш х/д ГОСТ 8734-75, ГОСТ 8733-74 Группа В, Ст20, 18 * 2 , НК, ПНТЗ
	т
0,024





--
С уважением,
Менеджер отдела снабжения ООО ''АльфаТех''
Тагильцев Николай
тел +7-922-079-03-35
Екатеринбург +7 (343) 243-59-49
Тюмень +7 (3452) 39-49-99
nvt@alfteh.ru
www.alfteh.ru
Оставляйте отзыв о нашей компании на Флампе 
http://flamp.ru/alfateh

Уважаемые коллеги и партнеры,
Наша Компания придерживается этических принципов ведения бизнеса и делает все для того, чтобы взаимоотношения с нашими партнерами строились на принципах открытости и прозрачности. Поэтому просим Вас сообщать нам обо всех негативных фактах во взаимоотношениях с нашей компанией по адресу doverie@scm.ru. Вся информация поступает в независимую службу внутреннего аудита.
Претензии по качеству обслуживания или товара принимаются на телефон горячей линии 8-800-7000-123. Звонки по России бесплатно
"
14,assistant,"
ТРУБЫ эл/св ГОСТ 10704-91, ГОСТ 10705-80 Группа В, Ст20, 273 * 10 НК, ТМК-КПВ т 6,900 | т | 6.900
ТРУБЫ эл/св ГОСТ 10704-91, ГОСТ 10705-80 Группа В, Ст20, 89 * 3.5 НД, СТЗ т 0,175 | т | 0.175
ТРУБЫ эл/св ГОСТ 10704-91, ГОСТ 10705-80 Группа В, Ст20, 76 * 3 НК, СТЗ т 0,945 | т | 0.945
ТРУБЫ эл/св ГОСТ 10704-91, ГОСТ 10705-80 Группа В, Ст20, 219 * 6 НД, СТЗ т 8,600 | т | 8.600
ТРУБЫ эл/св ГОСТ 10704-91, ГОСТ 10705-80 Группа В, Ст20, 325 * 6 НД, ТМК-КПВ т 2,850 | т | 2.850
ТРУБЫ эл/св ГОСТ 10704-91, ГОСТ 10705-80 Группа В, Ст20, 108 * 4 НД, СТЗ т 1,160 | т | 1.160
ТРУБЫ эл/св ГОСТ 10704-91, ГОСТ 10705-80 Группа В, Ст20, 57 * 3 НД, СТЗ т 11,873 | т | 11.873
ТРУБЫ эл/св ГОСТ 10704-91, ГОСТ 10705-80 Группа В, Ст20, 159 * 4,5 НК, СТЗ т 18,700 | т | 18.700
Труба б/ш х/д ГОСТ 8734-75, ГОСТ 8733-74 Группа В, Ст20, 18 * 2 НК, ПНТЗ т 0,024 | т | 0.024
"
15,user,"

From: Петрушин Максим Владимирович <petrushin@spk.ru>
Sent: Monday, September 11, 2023 9:59 AM
To: Пасечник Вероника Евгеньевна <pasechnik@spk.ru>
Subject: FW: заявка

1

From: РК ГРУПП ООО <rk-grouptorg@mail.ru>
Sent: Thursday, September 7, 2023 9:01 AM
To: Петрушин Максим Владимирович <petrushin@spk.ru>
Subject: заявка

ВНЕШНЯЯ ПОЧТА: Если отправитель неизвестен, не переходите по ссылкам, не отправляйте пароли, с осторожностью открывайте вложения.

Добрый день!
Прошу выставить счёт на Импульс:
Труба 80х80х3 — 2т.
Труба 40х40х2 — 1 пачка
Труба 60х40х2 — 1 пачка
Труба 60х40х3 — 1 пачка
Труба 50х25х2 — 1 пачка
Труба 40х20х1,5 — 1 пачка
Уголок 45х45х стенка самая тонкая — 2т.
Полоса 4х40 — 1т.
Швеллер 14 — 4шт. по 12м.
Швеллер 6 — 4шт. по 12м.
Лист чёрный горячекатан. рифлен. с рисунком не гладкий 4мм. 1,5х6 — 2шт.

------------------
С уважением ООО «РК ГРУПП»

ИНН 1656102142

Юр. адрес: 422470, Респ. Татарстан, Дрожжановский м.р-н, Стародрожжановское с.п., с. Новое Дрожжаное, ул. Молодёжная, дом 5, кв. 2.

тел. 8-965-623-8303, 8-960-037-1902, 8-967-872-2957

Почт. адрес:  420102, Респ Татарстан, г.Казань, ул. Г. Баруди, дом 11, кв. 159.

Уважаемые коллеги и партнеры,
Наша Компания придерживается этических принципов ведения бизнеса и делает все для того, чтобы взаимоотношения с нашими партнерами строились на принципах открытости и прозрачности. Поэтому просим Вас сообщать нам обо всех негативных фактах во взаимоотношениях с нашей компанией по адресу doverie@scm.ru. Вся информация поступает в независимую службу внутреннего аудита.
Претензии по качеству обслуживания или товара принимаются на телефон горячей линии 8-800-7000-123. Звонки по России бесплатно
"
16,assistant,"Труба 80х80х3 2т | тн | 2
Труба 40х40х2 1 пачка | шт | 1
Труба 60х40х2 1 пачка | шт | 1
Труба 60х40х3 1 пачка | шт | 1
Труба 50х25х2 1 пачка | шт | 1
Труба 40х20х1.5 1 пачка | шт | 1
Уголок 45х45 стенка самая тонкая 2т | тн | 2
Полоса 4х40 1т | тн | 1
Швеллер 14 4шт по 12м. | шт | 4
Швеллер 6 4шт по 12м. | шт | 4
Лист чёрный горячекатан. рифлен. с рисунком не гладкий 4мм 1,5х6 2шт | шт | 2
"
17,user,"

From: Петрушин Максим Владимирович <petrushin@spk.ru>
Sent: Monday, September 11, 2023 10:00 AM
To: Пасечник Вероника Евгеньевна <pasechnik@spk.ru>
Subject: FW: KZN

3

From: Farkhad.Makhu@pondera.ru <Farkhad.Makhu@pondera.ru>
Sent: Monday, September 4, 2023 2:59 PM
To: Farkhad.Makhu@pondera.ru
Subject: KZN

ВНЕШНЯЯ ПОЧТА: Если отправитель неизвестен, не переходите по ссылкам, не отправляйте пароли, с осторожностью открывайте вложения.

Добрый день

  Уголок 63x63x5 ГОСТ 8509-93С235 ГОСТ 27772-2021-0,06 тон

Уголок 40x40x4 ГОСТ 8509-93С235 ГОСТ 27772-2021-0.2тон
Лист стальной гост 19903-74, сталь С255-4 1500х10х3000-1 шт

Прошу направить расдельный счет лист

Best Regards, / С Уважением,
   Farkhad Makhu
  Фархад маху
   Procurement Specialist /   Специалист По Снабжению
  Reconstruction of the Reactor B, Kazanorgsintez PJSC
  Реконструкция реактора «В» завода ПППНД ПАО «Казаньоргсинтез»

  +7 917 889 78 81                         Farkhad.Makhu@pondera.ru
                         420051 Belomorskaya Ulitsa, 101, Kazan, Republic of Tatarstan
                                                          420006, Khlebozavodskaya 1, Kazan, Republic of Tatarstan
www.pondera.ru



Уважаемые коллеги и партнеры,
Наша Компания придерживается этических принципов ведения бизнеса и делает все для того, чтобы взаимоотношения с нашими партнерами строились на принципах открытости и прозрачности. Поэтому просим Вас сообщать нам обо всех негативных фактах во взаимоотношениях с нашей компанией по адресу doverie@scm.ru. Вся информация поступает в независимую службу внутреннего аудита.
Претензии по качеству обслуживания или товара принимаются на телефон горячей линии 8-800-7000-123. Звонки по России бесплатно
"
18,assistant,"Уголок 63x63x5 ГОСТ 8509-93С235 ГОСТ 27772-2021 0,06 тн | тн | 0.06
Уголок 40x40x4 ГОСТ 8509-93С235 ГОСТ 27772-2021 0.2тн | тн | 0.2
Лист стальной гост 19903-74, сталь С255-4 1500х10х3000 - 1 шт | шт | 1
"
19,user,"




ВНЕШНЯЯ ПОЧТА: Если отправитель неизвестен, не переходите по ссылкам, не отправляйте пароли, с осторожностью открывайте вложения.







-- Отправлено из Mail.ru для Android
 -------- Пересланное письмо -------- От: Шарипов Дамир Ирекович sharipovdi@spk.ru Кому: Damir Sharipov damir.sharipov23@mail.ru Дата: пятница, 03 мая 2024г., 13:52 +05:00 Тема: заявка 3. первое письмо







Арматура 10 а3 -1,5 тонны
Лист 5*1500*6000 — 4 шт
Лист 6*1500*6000 — 4 шт
Лист 10*1500*6000 — 2 шт
Лист 12*1500*6000 — 2 шт
Лист 20*1500*6000 — 1 шт
Уголок 100*100*8 — 2 тн
Круг 42 ст3 — 12 м
Шестигранник 27 — 6 м
Шестигранник 36 — 6 м
катанка прутки 3 м 6 мм - 500 кг
катанка в рулоне 3 мм - 50 кг
вязальная проволока - 50 кг
арматура  12 - 5 тонн
арматура 8 -2 тонны



Уважаемые коллеги и партнеры,
Наша Компания придерживается этических принципов ведения бизнеса и делает все для того, чтобы взаимоотношения с нашими партнерами строились на принципах открытости и прозрачности. Поэтому просим Вас сообщать нам обо всех  негативных фактах во взаимоотношениях с нашей компанией по адресу  doverie@scm.ru. Вся информация поступает в независимую службу внутреннего аудита.
Претензии по качеству обслуживания или товара принимаются на телефон горячей линии 8-800-7000-123. Звонки по России бесплатно








"
20,assistant,"Арматура 10 а3 1,5 тонны | тн | 1.5
Лист 5*1500*6000 4 шт | шт | 4
Лист 6*1500*6000 4 шт | шт | 4
Лист 10*1500*6000 2 шт | шт | 2
Лист 12*1500*6000 2 шт | шт | 2
Лист  20*1500*6000 1 шт | шт | 1
Уголок 100*100*8 2 тн | тн | 2
Круг 42 ст3 12 м | м | 12
Шестигранник 27 6 м | м | 6
Шестигранник  36 6 м | м | 6
Катанка прутки 3 м 6 мм 500 кг | кг | 500
Катанка в рулоне 3 мм 50 кг | кг | 50
Проволока вязальная 50 кг | кг | 50
Арматура 12 5 тонн | тн | 5
Арматура 8 2 тонны | тн | 2
"
21,user,"




ВНЕШНЯЯ ПОЧТА: Если отправитель неизвестен, не переходите по ссылкам, не отправляйте пароли, с осторожностью открывайте вложения.






Здравствуйте.  Прошу выставить счет на заявку [cynteka id 1152] –  скачать заявку,  плательщик: ООО СК ''БАЯЗЕТ'' – скачать.  Для отправки счета нажмите  ЗДЕСЬ.

1. Уголок63*5 (С245) - 54 м.п. (Секция1) (ID позиции 5270)
2. Лист5мм (с245)-1050*560 - 1 шт (Секция1) (ID позиции 5271)
3. Лист10мм(С245)200*200 - 22 шт (Секция1) (ID позиции 5272)

Дополнительная информация:
1. Поставить к 13.05.2024
2. Доставка не требуется
3. Уголок резка по 6 метров

4. Требуется отсрочка платежа, 30дней

Если необходимо задать вопрос по заявке, нажмите  ЗДЕСЬ.
 С уважением,  ООО СК ''БАЯЗЕТ''  Бачинин Игорь Михайлович  bachininim@skjbk.com  +7 (912) 686-43-43





"
22,assistant,"Уголок63*5 (С245) 54 м.п. | мп | 54
Лист5мм (с245)-1050*560 1 шт | шт | 1
Лист10мм(С245)200*200 22 шт | шт | 22"
23,user,"






ВНЕШНЯЯ ПОЧТА: Если отправитель неизвестен, не переходите по ссылкам, не отправляйте пароли, с осторожностью открывайте вложения.










6


Труба стальная ф20 х 2,8


м


10




7


                    Ф25 х 3,2


м


34




8


                                Ф32 х 3,2


м


40




9


                             Ф40 х 3,5


м


30




10


                                Ф57х3,5


м


80




11


                                Ф76х3,5


м


140




12


                                Ф89х4,0


м


40




13


                                Ф108х4,0


м


200




14


                           Ф133х4,0


м


70




15


                              Ф159х4,0


м


40




16


                              Ф219х4,0


м


40





Галина  , добрый день!




С уважением, Задорина Мария
Инжиниринговая компания СОК тел. (343) 361-72-33 e-mail: SOKgroup@mail.ru 624090, г. Верхняя Пышма, ул. Огнеупорщиков , 7





From: Гулакова Галина Вячеславовна [mailto:gulakova@spk.ru]
Sent: Wednesday, May 8, 2024 3:28 PM
To: sokgroup@mail.ru
Subject: СПК



Мария, только что разговаривали по заявке на металл



С уважением,
Гулакова Галина Вячеславовна
Менеджер отдела продаж «Строительный»
АО «Сталепромышленная компания»
620014 г. Екатеринбург, ул. Воеводина, Д. 8, эт.5, оф. 506
Тел./Факс: +7 (343) 385-85-05 (доб. 25-26)
моб. +7 964-488-10-08
E-mail: gulakova@spk.ru









ВНИМАНИЕ! ВЪЕЗД НА ТЕРРИТОРИЮ МЕТАЛЛОБАЗ ПО АДРЕСУ:
пр. Промышленный, 13. Въезд на базу с 07:15-16:00
ул. Бетонщиков, 5. Въезд на базу с 08:00-16:00
ул. Самолетная, 53. Въезд на базу с 08:00-16:00


Очень быстро оформить заказ можно тут https://b2b.spk.ru/

https://www.youtube.com/watch?v=Jvp3EKTNcUE

Уважаемые коллеги и партнеры,
Наша Компания придерживается этических принципов ведения бизнеса и делает все  для того, чтобы взаимоотношения с нашими партнерами строились на принципах открытости и прозрачности. Поэтому просим Вас сообщать нам обо всех негативных фактах во взаимоотношениях с нашей компанией по адресу doverie@scm.ru. Вся информация поступает в независимую службу внутреннего аудита.
Претензии по качеству обслуживания или товара принимаются на телефон горячей линии 8-800-7000-123. Звонки по России бесплатно






"
24,assistant,"Труба стальная ф20 х 2,8 м 10 | м | 10
Труба стальная ф25 х 3,2 м 34 | м | 34
Труба стальная ф32 х 3,2 м 40 | м | 40
Труба стальная ф40 х 3,5 м 30 | м | 30
Труба стальная ф57х3,5 м 80 | м | 80
Труба стальная ф76х3,5 м 140 | м | 140
Труба стальная ф89х4,0 м 40 | м | 40
Труба стальная ф108х4,0 м 200 | м | 200
Труба стальная ф133х4,0 м 70 | м | 70
Труба стальная ф159х4,0 м 40 | м | 40
Труба стальная ф219х4,0 м 40 | м | 40
"
25,user,"




ВНЕШНЯЯ ПОЧТА: Если отправитель неизвестен, не переходите по ссылкам, не отправляйте пароли, с осторожностью открывайте вложения.





Труба ф159*7 — 52пог.м



Stroypraktika OOO





"
26,assistant,Труба ф159*7 52пог.м | мп | 52
27,user,"




ВНЕШНЯЯ ПОЧТА: Если отправитель неизвестен, не переходите по ссылкам, не отправляйте пароли, с осторожностью открывайте вложения.





   Привет.
Выстави пожалуйста счет на следующее:

Труба профильная 100х100(4) — 108 м.п.Труба профильная 50х50(3) — 168 м.п. 12-метровые режем пополам доставка до Московского шоссе (Самарские Термы)


С уважением, ООО «ГИЛЬДИЯ-М»
8-917-102-61-61 — Ильдар
(846) 922-58-70; 226-24-66
эл.почта: gib4400@mail.ru
сайт: ГИЛЬДИЯ-М.РФ




"
28,assistant,"Труба профильная 100х100(4) 108 мп | мп | 108
Труба профильная 50х50(3) 168 мп | мп |  168"
29,user,"




ВНЕШНЯЯ ПОЧТА: Если отправитель неизвестен, не переходите по ссылкам, не отправляйте пароли, с осторожностью открывайте вложения.


Здравствуйте

сделайте пожалуйста счет на оплату
труба 159х4.5- 1 труба с резкой по 3 метра, сталь любая из наличия
лист черн 1,0мм-1 шт
лист черн 1,2мм-1 шт
лист черн 1,5мм-1-3 шт
лист черн 2,0мм-1-2 шт,
мне надо чтобы это все влезло в Газель 1,5 тонн с учетом тех деталей которые сделали

--
С уважением,
Иван Целищев,
инженер отдела снабжения
НПК ''Энергоэффект''
+79028776231
snab@power-rus.ru

"
30,assistant,"Труба 159х4.5 1 труба по 3 метра | шт | 1
Лист черн 1.0мм 1 шт | шт | 1
Лист черн 1.2мм 1 шт | шт | 1
Лист черн 1.5мм 1-3 шт | шт | 3
Лист черн 2.0мм 1-2 шт | шт | 2
"
31,user,"

From: ПКФ КУБ-сервис <2667278@mail.ru>
Sent: Tuesday, May 14, 2024 5:29 PM
To: Юрин Дмитрий Васильевич <DVYUrin@agrupp.com>
Subject: заявка





Это сообщение отправлено из внешней сети!
Будьте внимательны при открытии вложений и ссылок.





добрый день, выставьте счет на


труба 219х8 ст 20   8732                   100м\п






Лист 10 ГОСТ 19903-2015/ 09Г2С-15 ГОСТ 19281-2014





2


шт









Круг В-16 ГОСТ 2590-2006/ Ст3сп ГОСТ 535-2005





1


т









Швеллер 30У ГОСТ 8240-97/09Г2С ГОСТ 19281-2014





36


м









Швеллер 12У ГОСТ 8240-97/09Г2С ГОСТ 19281-2014





144


м










Лист Б-ПН-8 ГОСТ 19903-2015/09Г2С ГОСТ 19281-2014





7,5


шт









Труба 108х10 ГОСТ 8732-78/09Г2С ГОСТ 8731-74





87


м










Труба 219х8 ГОСТ 8732-78/09Г2С ГОСТ 8731-74


60м\п










С уважением,  Максим




ООО ПКФ ''КУБ-сервис''


ИНН 6671406828


+7(343) 301-51-15


тел.+7(909)702-51-21
"
32,assistant,"Труба 219х8 ст 20 8732 100м\п  | мп | 100
Лист 10 ГОСТ 19903-2015/ 09Г2С-15 ГОСТ 19281-2014 2 шт | шт | 2
Круг В-16 ГОСТ 2590-2006/ Ст3сп ГОСТ 535-2005 1 т | т | 1
Швеллер 30У ГОСТ 8240-97/09Г2С ГОСТ 19281–2014 36 м | м | 36
Швеллер 12У ГОСТ 8240–97/09Г2С ГОСТ 19281–2014 144 м | м | 144
Лист Б–ПН–8 ГОСТ 19903–2015/09Г2С ГОСТ 19281–2014 7,5 шт | шт | 7.5
Труба 108х10 ГОСТ 8732–78/09Г2С ГОСТ 8731–74 87 м | м | 87
Труба 219х8 ГОСТ 8732–78/09Г2С ГОСТ 8731–74 60м\п | мп | 60"
33,user,"
ВНЕШНЯЯ ПОЧТА: Если отправитель неизвестен, не переходите по ссылкам, не отправляйте пароли, с осторожностью открывайте вложения.

Привет!
Прошу выставить счёт на АО «СтальМост».

Лист 4х1500х6000

09Г2С-14

19903-2015


2,4


6 листов


Профиль гн. 80х60х4


09Г2С-6


30245-2003


2,8

Профиль гн. 50х50х4


1,2

Уголок 50х50х5


8509-93


2,2

Уголок 75х75х5

2,4

Труба Ø102х2


Ст20


10704-91


0,25







Труба Ø159х2


1,2

Труба Ø194х2


0,7

Круг 40


40Х


2590-2006


0,1

Круг 55


0,2

Лист 4х1500х6000


Ст3сп5


19903-2015


2,9


10 листов

Лист 6х1500х6000


3


7 листов


лист 14х1500х6000


2


2 листа

Внимание!
В ООО «СтальМост» изменились КПП и Юр. Адрес  Верный КПП: 502701001  Верный Юридический адрес: 140004, Московская область, Г.О. Люберцы, г. Люберцы, ул. Железнодорожная, д.4, этаж 1, помещение 6

С уважением, Федоров Алексей Евгеньевич

___________________________________________
Начальник отдела закупок

Телефон: +7 (3452) 566-006 добавочный
Сотовый телефон:
Электронная почта: Fedorov@tmnkonst.ru
ООО ''Стальмост''

УВЕДОМЛЕНИЕ О КОНФИДЕНЦИАЛЬНОСТИ: Это электронное сообщение и любые документы, приложенные к нему, содержат конфиденциальную информацию. Настоящим уведомляем Вас о том, что если это сообщение не предназначено Вам, использование, копирование, распространение  информации, содержащейся в настоящем сообщении, а также осуществление любых действий на основе этой информации, строго запрещено. Если Вы получили это сообщение по ошибке, пожалуйста, сообщите об этом отправителю по электронной почте и удалите это сообщение.

"
34,assistant,"Лист 4 1500 6000 09Г2С-14 19903-2015 2,4 6 листов | шт | 6
Профиль гн 80 60 4 09Г2С–6 30245–2003 2,8 | шт | 2.8
Профиль гн 50 50 4 1,2 | шт | 1.2
Уголок 50 50 5 8509–93 2,2 | шт | 2.2
Уголок 75 75 5 2,4 | шт | 2.4
Труба Ø102 2 Ст20 10704–91 0,25 | м | 0.25
Труба Ø159 2 1,2 | м | 1.2
Труба Ø194 2 0,7 | м  | 0.7
Круг 40 40Х 2590–2006 0,1 | м | 0.1
Круг 55 0,2 | м | 0.2
Лист 4 1500 6000 Ст3сп5 19903–2015 10 листов | шт | 10
Лист 6 1500 6000 7 листов | шт | 7
Лист 14 1500 6000 2 листа | шт | 2"
35,user,"
ВНЕШНЯЯ ПОЧТА: Если отправитель неизвестен, не переходите по ссылкам, не отправляйте пароли, с осторожностью открывайте вложения.
Примите, пожалуйста, заявку на 01.04
Труба 25х25х1,5 профильная (м) 200 м
Труба 30х30х2 профильная     100 м
Уголок 32х32х4 г/к ст3пс5/сп5 ГОСТ 8509  (кг)     1000 кг
--
С уважение менеджер отдела снабжения Катаев Денис.  тел.8-953-688-40-71
"
36,assistant,"Труба 25х25х1,5 профильная (м) 200 м | м | 200
Труба 30х30х2 профильная (м) 100 м | м | 100
Уголок 32х32х4 г/к ст3пс5/сп5 ГОСТ 8509 (кг) 1000 кг | кг | 1000
"
37,user,"
ВНЕШНЯЯ ПОЧТА: Если отправитель неизвестен, не переходите по ссылкам, не отправляйте пароли, с осторожностью открывайте вложения.
Балка 36м ст.09г2с – 13,013тн
Угол 200х16 ст.09г2с – 0,6тн





Щуко Татьяна Геннадьевна
Менеджер отдела снабжения
ООО «Металлинвест Нижний Тагил»
8-3435-495777 доб.5226
89222104292


"
38,assistant,"Балка 36м ст.09г2с 13.013тн | тн | 13.013
Угол 200х16 ст.09г2с 0.6тн | тн | 0.6"
39,user,"
ВНЕШНЯЯ ПОЧТА: Если отправитель неизвестен, не переходите по ссылкам, не отправляйте пароли, с осторожностью открывайте вложения.
Доброе утрр!
 Труба 100х100 - 110 м.п.
 Уголок 45й - 50 м.п.
 Труба 50х50 - 10 м.п.
 Труба 50х20 - 20 м.п.
 Просечной лист 2х7 м
 7 листов 1250*2500 4мм
89507477861
 --
 Отправлено из Mail.ru для Android
"
40,assistant,"Труба 100х100 110 м.п. | мп | 110
Уголок 45й 50 м.п. | мп | 50
Труба 50х50 10 м.п. | мп | 10
Труба 50х20 20 м.п. | мп | 20
Просечной лист 2 7 м | шт | 2
7 листов 1250*2500 4мм | шт | 7
"
41,user,"
ВНЕШНЯЯ ПОЧТА: Если отправитель неизвестен, не переходите по ссылкам, не отправляйте пароли, с осторожностью открывайте вложения.
--
 Отправлено из Mail.ru для Android
 -------- Пересланное письмо --------
 От: Шарипов Дамир Ирекович 
sharipovdi@spk.ru
 Кому: Damir Sharipov 
damir.sharipov23@mail.ru
 Дата: среда, 19 июня 2024г., 17:20 +05:00
 Тема: заявка
Арматура ø10 А240 в прутках (L=11,7м) ГОСТ 34028-2016/ГОСТ 5781-82
Арматура ø12 А240 в прутках (L=11,7м) ГОСТ 34028-2016/ГОСТ 5781-82
Арматура ø32 А400 в прутках (L=11,7м) сталь 25Г2С ГОСТ 5781-82
Штрипса 0,8 ОЦ 137 мм 3 000,00 кг
Штрипса 0,6 ОЦ 137 мм 3 100,00 кг
балка 10Б1 2 шт
Лист 6 С245 ст3пс5 1 лист 1,5х6
Лист 8 
С245 ст3пс5 
2 листа 1,5х6
Уголок 100х7 С245 ст3пс5 3 хл Д=12
Уголок 110х8 С245 ст3пс5 24 хл Д=12
Уголок 63х5 С245 ст3пс5 54 хл Д=12
Уголок 70х6 С245 ст3пс5 15 хл Д=12
Уголок 80х6 С245 ст3пс5 17 хл Д=12
Уголок 90х7 С245 ст3пс5 18 хл Д=12
Швеллер 30У С245 ст3пс5 8 хл Д=12
Уголок 63х5 09Г2С С345 09Г2С 52 хл Д=12
Уголок 70х6 09Г2С С345 09Г2С 44 хл Д=12
Уголок 75х6 09Г2С С345 09Г2С 12 хл Д=12
8 мм г/к - 1000х1500 - 12 листов (1140 кг)
10 мм г/к - 1000х1500 - 3 листа (355 кг)             
Круг 10 ГОСТ 2590-2006 ст.3 — 115 шт по 6м
Круг 12 ГОСТ 2590-2006 ст.3 — 24 шт по 6м
Круг калиброванный  8 ГОСТ 7417-75 ст.20 ГОСТ 1050-2013 ГОСТ 1051-73 — 1шт по 6м
Лист 3*1250*2500 ГОСТ 16523-97 ст3сп5 — 1 лист
Лист 4*1500*6000 ГОСТ 19903-2015 ст.09Г2С — 1 лист
Лист 5*1500*6000 ГОСТ 19903-2015 ст.09Г2С — 1 лист
Угол 40*40*4 ГОСТ 8509-93 ст.3сп5 — 54шт по 12м
Угол 45*45*5 ГОСТ 8509-93 ст.3сп5 — 74шт по 12м
Угол 50*50*5 ГОСТ 8509-93 ст.3сп5 — 7шт по 12м
Угол 50*50*6 ГОСТ 8509-93 ст.3сп5 — 14 шт по 12м
Угол 63*63*5 ГОСТ 8509-93 ст.3сп5 — 14 шт по 12м
Угол 63*63*6 ГОСТ 8509-93 ст.3сп5 — 14 шт по 12м
Угол 70*70*6 ГОСТ 8509-93 ст.3сп5 — 8 шт по 12м
Угол 75*75*7 ГОСТ 8509-93 ст.3сп5 — 14 шт по 12м
Угол 80*80*7 ГОСТ 535-2005 ст.3сп5 — 8 шт по 12м
Угол 90*90*7 ГОСТ 8509-93 ст.3сп5 —  1 шт по 12м
 
 
 
Уважаемые коллеги и партнеры,
Наша Компания придерживается этических принципов ведения бизнеса и делает все для того, чтобы взаимоотношения с нашими партнерами строились на принципах открытости и прозрачности. Поэтому просим Вас сообщать нам обо всех  негативных фактах во взаимоотношениях с нашей компанией по адресу 
 doverie@scm.ru
. Вся информация поступает в независимую службу внутреннего аудита.
Претензии по качеству обслуживания или товара принимаются на телефон горячей линии 
8-800-7000-123
. Звонки по России бесплатно
"
42,assistant,"Арматура ø10 А240 в прутках (L=11,7м) ГОСТ 34028-2016/ГОСТ 5781-82 11.7 м | шт | 1
Арматура ø12 А240 в прутках (L=11,7м) ГОСТ 34028-2016/ГОСТ 5781-82 11.7 м | шт | 1
Арматура ø32 А400 в прутках (L=11,7м) сталь 25Г2С ГОСТ 5781-82 11.7 м | шт | 1
Штрипса 0,8 ОЦ 137 мм 3 000,00 кг | кг | 3000
Штрипса 0,6 ОЦ 137 мм 3 100,00 кг | кг | 3100
Балка 10Б1 2 шт | шт | 2
Лист 6 С245 ст3пс5 1 лист 1,5х6 | шт | 1
Лист 8 С245 ст3пс5 2 листа 1,5х6 | шт | 2
Уголок 100х7 С245 ст3пс5 3 хл Д=12 | шт | 3
Уголок 110х8 С245 ст3пс5 24 хл Д=12 | шт | 24
Уголок 63х5 С245 ст3пс5 54 хл Д=12 | шт | 54
Уголок 70х6 С245 ст3пс5 15 хл Д=12 | шт | 15
Уголок 80х6 С245 ст3пс5 17 хл Д=12 | шт | 17
Уголок 90х7 С245 ст3пс5 18 хл Д=12 | шт | 18
Швеллер 30У С245 ст3пс5 8 хл Д=12 | шт | 8
Уголок 63х5 09Г2С С345 09Г2С 52 хл Д=12 | шт | 52
Уголок 70х6 09Г2С С345 09Г2С 44 хл Д=12 | шт | 44
Уголок 75х6 09Г2С С345 09Г2С 12 хл Д=12 | шт | 12
8 мм г/к - 1000х1500 - 12 листов (1140 кг) | шт | 12
10 мм г/к - 1000х1500 - 3 листа (355 кг) 3 | шт | 3
Круг 10 ГОСТ 2590-2006 ст.3 — 115 шт по 6м | шт | 115
Круг 12 ГОСТ 2590-2006 ст.3 — 24 шт по 6м | шт | 24
Круг калиброванный  8 ГОСТ 7417-75 ст.20 ГОСТ 1050-2013 ГОСТ 1051-73 — 1шт по 6м | шт | 6
Лист 3*1250*2500 ГОСТ 16523-97 ст3сп5 — 1 лист | шт | 1
Лист 4*1500*6000 ГОСТ 19903-2015 ст.09Г2С — 1 лист | шт | 1
Лист 5*1500*6000 ГОСТ 19903-2015 ст.09Г2С — 1 лист| шт | 1
Угол 40*40*4 ГОСТ 8509-93 ст.3сп5 — 54шт по 12м | шт | 54
Угол 45*45*5 ГОСТ 8509-93 ст.3сп5 — 74шт по 12м | шт | 74
Угол 50*50*5 ГОСТ 8509-93 ст.3сп5 — 7шт по 12м | шт | 7
Угол 50*50*6 ГОСТ 8509-93 ст.3сп5 — 14 шт по 12м | шт | 14
Угол 63*63*5 ГОСТ 8509-93 ст.3сп5 — 14 шт по 12м | шт | 14
Угол 63*63*6 ГОСТ 8509-93 ст.3сп5 — 14 шт по 12м | шт | 14
Угол 70*70*6 ГОСТ 8509-93 ст.3сп5 — 8 шт по 12м | шт | 8
Угол 75*75*7 ГОСТ 8509-93 ст.3сп5 — 14 шт по 12м | шт | 14
Угол 80*80*7 ГОСТ 535-2005 ст.3сп5 — 8 шт по 12м | шт | 8
Угол 90*90*7 ГОСТ 8509-93 ст.3сп5 —  1 шт по 12м | шт | 1
"
